What island is home to statues called Mauis ?,what,what island,WDT,NN,VBZ,LOC
What is a fear of black people ?,what,what is,WP,VBZ,VBZ,ENTY
What 's the most extensively grown and eaten food ?,what,what 's,WP,VBZ,VBZ,ENTY
What was the worst hurricane ?,what,what was,WP,VBD,VBD,ENTY
How can I get started in writing for television ?,how,how can,WRB,MD,VBN,DESC
Where was Pythagoras born ?,where,where was,WRB,VBD,VBN,LOC
What 1927 silent film received an international revival in 1981 ?,what,what 1927,WP,CD,VBD,ENTY
What is the price for AAA 's liability auto insurance ?,what,what is,WP,VBZ,VBZ,NUM
What is LMDS ?,what,what is,WP,VBZ,VBZ,ABBR
Who are the top ten richest people in the world ?,who,who are,WP,VBP,VBP,HUM
Who is the leader of Brunei ?,who,who is,WP,VBZ,VBZ,HUM
What is the capital of Italy ?,what,what is,WP,VBZ,VBZ,LOC
What game does Garry Kasparov play ?,what,what game,WDT,NN,VB,ENTY
How do you get a pointsettia to turn red ?,how,how do,WRB,VBP,VB,DESC
What is kept in Fort Knox that is so valuable ?,that,what is that is,WDT,VBZ,VBZ,ENTY
What is the greatest hiking Web site ?,what,what is,WP,VBZ,VBZ,LOC
"What is the population of Arcadia , Florida ?",what,what is,WP,VBZ,VBZ,NUM
What Stephen King novel is set in a graveyard for pets ?,what,what stephen,WP,NNP,VBN,ENTY
Who were the head writers for the Smothers Brothers Comedy Hour ?,who,who were,WP,VBD,VBD,HUM
Who portrayed Prewett in From Here to Eternity ?,who,who portrayed,WP,VBD,VBD,HUM
What was the sequel to The Pink Panther ?,what,what was,WP,VBD,VBD,ENTY
How many people live in cities ?,how,how many,WRB,JJ,VBP,NUM
How high must a mountain be to be called a mountain ?,how,how high,WRB,JJ,VB,NUM
What Scottish poet penned To a Mouse and To a Louse ?,what,what scottish,WDT,JJ,NN,HUM
What is the name of the inventor of silly putty ?,what,what is,WP,VBZ,VBZ,HUM
What ocean surrounds the Madeira Islands ?,what,what ocean,WDT,NN,VBZ,LOC
What famous communist leader died in Mexico City ?,what,what famous,WDT,JJ,VBD,HUM
What was John Steinbeck 's travelling companion Charley ?,what,what was,WP,VBD,VBD,ENTY
What are the capital cities of the two large countries that occupy the Iberian peninsula in Europe ?,that,what are that occupy,WDT,VBP,VBP,LOC
How many mines can still be found in the Falklands after the war ended ?,how,how many,WRB,JJ,VBN,NUM
How can I get in touch with Michael Moore of `` Roger & Me '' ?,how,how can,WRB,MD,VB,DESC
How is ` qigong ' properly pronounced ?,how,how is,WRB,VBZ,VBN,DESC
How many gallons of water go over Niagra Falls every second ?,how,how many,WRB,JJ,VB,NUM
What turns blue litmus paper red ?,what,what turns,WP,VBZ,VBZ,ENTY
Who was the first woman to run the mile in less than 4 36893 minutes ?,who,who was,WP,VBD,VBD,HUM
How many copies of an album must be sold for it to be a gold album ?,how,how many,WRB,JJ,VBN,NUM
What is `` the soft drink for adults '' ?,what,what is,WP,VBZ,VBZ,ENTY
What is the only vegetable that starts with `` z '' ?,that,what is that starts,WDT,VBZ,VBZ,ENTY
What is a fear of machinery ?,what,what is,WP,VBZ,VBZ,ENTY
Who awarded The Flying Fickle Finger of Fate ?,who,who awarded,WP,VBD,VBD,HUM
"In Sinclair Lewis ' `` Main Street , '' what was the name of the typical American town ?",what,what was,WP,VBD,VBD,LOC
What hide-and-seek game is played around a tin can ?,what,what hide,WDT,VB,VBN,ENTY
What is the largest city in Texas ?,what,what is,WP,VBZ,VBZ,LOC
"What future deer hunter portrayed Annie Hall 's neurotic brother , Duane ?",what,what future,WDT,JJ,VBD,HUM
What drink is the best thirst-quencher ?,what,what drink,WP,NN,VBZ,ENTY
Where can I get a map of Prussia on the Internet ?,where,where can,WRB,MD,VB,LOC
What was the longest war in U.S. history ?,what,what was,WP,VBD,VBD,ENTY
What is a `` node '' in computer terms ?,what,what is,WP,VBZ,VBZ,DESC
What are the five richest countries in the world ?,what,what are,WP,VBP,VBP,LOC
Where is McCarren Airport ?,where,where is,WRB,VBZ,VBZ,LOC
What are the top boy names in the U.S. ?,what,what are,WP,VBP,VBP,HUM
How many tiles did the Space Shuttle Columbia lose on its second flight ?,how,how many,WRB,JJ,VBD,NUM
How many teaspoons make up a tablespoon ?,how,how many,WRB,JJ,VBP,NUM
Who was the lyricist and who was the composer between Gilbert and Sullivan ?,who,who was who was,WP,VBD,VBD,HUM
Who was the lawyer for Randy Craft ?,who,who was,WP,VBD,VBD,HUM
What is the origin of the word Marijuana ?,what,what is,WP,VBZ,VBZ,DESC
Who was the 3rd president of the United States ?,who,who was,WP,VBD,VBD,HUM
What organ contains the islands of Langerhans ?,what,what organ,WDT,NN,VBZ,ENTY
Name Dick Tracy 's two children .,,,,,NNS,HUM
What is a fear of points ?,what,what is,WP,VBZ,VBZ,ENTY
What fraction of a beaver 's life is spent swimming ?,what,what fraction,WDT,NN,VBN,NUM
How can SQL queries be improved ?,how,how can,WRB,MD,VBN,DESC
What is the most radioactive food ?,what,what is,WP,VBZ,VBZ,ENTY
What was the previous name for the Commonwealth ?,what,what was,WP,VBD,VBD,HUM
How much will gas be taxed in California by the year 2000 ?,how,how much,WRB,JJ,VBN,NUM
Who gave King Arthur the round table ?,who,who gave,WP,VBD,VBD,HUM
What state in the United States covers the largest area ?,what,what state,WDT,NN,VBZ,LOC
How do you make a computer chip ?,how,how do,WRB,VBP,VB,DESC
Who became president of the U.S. in 1789 ?,who,who became,WP,VBD,VBD,HUM
Who wrote `` The Scarlet Letter '' ?,who,who wrote,WP,VBD,VBD,HUM
Who did Sara Jane Moore try to assassinate ?,who,who did,WP,VBD,VBP,HUM
What is Linux ?,what,what is,WP,VBZ,VBZ,DESC
How many dots make up the symbol for `` because '' ?,how,how many,WRB,JJ,VBP,NUM
What title did Shevardnadze have during the Soviet era ?,what,what title,WDT,NN,VBP,HUM
What did the pyramid-builders of Egypt mainly eat ?,what,what did,WP,VBD,VBP,ENTY
What 's the international radio code word for the letter F ?,what,what 's,WP,VBZ,VBZ,ENTY
What are the 28 tenses in the English language ?,what,what are,WP,VBP,VBP,ENTY
Which king signed the Magna Carta ?,which,which king,WDT,NN,VBD,HUM
What software offers inventors use of CAD-like design ?,what,what software,WDT,NN,VBZ,ENTY
What is agent orange ?,what,what is,WP,VBZ,VBZ,DESC
Name the child left on a doorstep at the beginning of Gasoline Alley .,,,,,VB,HUM
How many zip codes are there in the U.S. ?,how,how many,WRB,JJ,VBP,NUM
"In Beetle Bailey , can you name Sarge 's dog ?",,,,,VB,ENTY
Why shouldn 't you remove a bee stinger with tweezers ?,why,why shouldn,WRB,VB,VB,DESC
Which college did Dikembe Mutombo play basketball for ?,which,which college,WDT,NN,VB,HUM
Why did Europeans first come to Australia and Oceania ?,why,why did,WRB,VBD,VBN,DESC
What did the Confederate Constitution say about slavery ?,what,what did,WP,VBD,VBP,DESC
How long does it take the Milky Way Galaxy to make one revolution ?,how,how long,WRB,RB,VB,NUM
How many people own pets ?,how,how many,WRB,JJ,VBP,NUM
What web sites are linked to the Report on Genesis Eldercare ?,what,what web,WP,NN,VBN,LOC
What is a fear of lice ?,what,what is,WP,VBZ,VBZ,ENTY
How long does it take different materials to decompose ?,how,how long,WRB,RB,VB,NUM
How many colors are there in a rainbow ?,how,how many,WRB,JJ,VBP,NUM
What was Darth Vader 's son named ?,what,what was,WP,VBD,VBD,HUM
What problems contributed to the high failure rate of Plains farmers in the 1800s ?,what,what problems,WDT,NNS,VBD,DESC
What British female pop singing star of the 1960s and early 1970s was a child actress in the 1940s and '50s ?,what,what british,WDT,JJ,VBD,HUM
Where is McCarren Airport located ?,where,where is,WRB,VBZ,VBN,LOC
How effective are condoms in protecting against AIDS ?,how,how effective,WRB,JJ,VBP,DESC
"What part of Britain comprises the Highlands , Central Lowlands , and Southern Uplands ?",what,what part,WDT,NN,VBZ,LOC
How many Marx Brothers were there ?,how,how many,WRB,JJ,VBD,NUM
How tall is the Matterhorn ?,how,how tall,WRB,JJ,VBZ,NUM
What country is proud to claim Volcano National Park ?,what,what country,WDT,NN,VBZ,LOC
When was Babe Ruth born ?,when,when was,WRB,VBD,VBN,NUM
Who portrayed Field Marshal Erwin Rommel in The Desert Fox ?,who,who portrayed,WP,VBD,VBD,HUM
What TV quiz show left the air in 1975 to the tune of Vera Lynn 's We 'll Meet Again ?,what,what tv,WP,NN,VBD,ENTY
What direction do most baseball pitchers pitch toward ?,what,what direction,WDT,NN,VBP,LOC
How many Beanie Baby sites are there ?,how,how many,WRB,JJ,VBP,NUM
How can I call a friend in another country when I do not know the telephone number ?,when,how can when i,WRB,PRP,VB,DESC
What is 55 times sweeter than cane sugar ?,what,what is,WP,VBZ,VBZ,ENTY
Where are diamonds mined ?,where,where are,WRB,VBP,VBP,LOC
How do they get Teflon to stick to the pan ?,how,how do,WRB,VBP,VB,DESC
How much money did the Marcos steal from their country ?,how,how much,WRB,JJ,VBP,NUM
Who makes the `` cross-your-heart bra '' ?,who,who makes,WP,VBZ,VBZ,HUM
Who is Archie Bunker 's son-in-law ?,who,who is,WP,VBZ,VBZ,HUM
What company produces Spumante ?,what,what company,WDT,NN,VBZ,HUM
What is the origin of music ?,what,what is,WP,VBZ,VBZ,DESC
What does `` B.Y.O.B. '' mean ?,what,what does,WP,VBZ,NNP,ABBR
What major airline has the best safety record in the world ?,what,what major,WDT,JJ,VBZ,HUM
What President became Chief Justice after his presidency ?,what,what president,WP,NNP,VBD,HUM
How many innings constitute an official baseball game ?,how,how many,WRB,JJ,VBP,NUM
What city has a newspaper called The Plain Dealer ?,what,what city,WDT,NN,VBZ,LOC
What U.S. state boasts Leif Ericson Park ?,what,what u.s.,WP,NNP,VBZ,LOC
How many flavors does Baskin & Robbins offer ?,how,how many,WRB,JJ,NN,NUM
Who was chief engineer of the Starship Enterprise ?,who,who was,WP,VBD,VBD,HUM
How does crosstalk relate to InSb thickness in infrared detectors ?,how,how does,WRB,VBZ,VB,DESC
What mayor made so many TV appearances he was asked to join AFTRA in 1984 ?,what,what mayor,WDT,NN,VBD,HUM
Which type of submarine was bought recently by South Korea ?,which,which type,WDT,NN,VBN,ENTY
How much in miles is a ten K run ?,how,how much,WRB,JJ,VBZ,NUM
When was Beethoven born ?,when,when was,WRB,VBD,VBN,NUM
Who is the most sexy celebrity ?,who,who is,WP,VBZ,VBZ,HUM
What detective lives on Punchbowl Hill and has 11 children ?,what,what detective,WDT,NN,VBZ,HUM
Where did the ukulele originate ?,where,where did,WRB,VBD,RB,LOC
Rotary engines used to be made by whom ?,whom,whom ?,WP,.,VBN,HUM
What does seccession mean ?,what,what does,WP,VBZ,VB,DESC
Who portrayed the title character in the film The Day of the Jackal ?,who,who portrayed,WP,VBD,VBD,HUM
What is the name of the gulf between Sweden and Finland ?,what,what is,WP,VBZ,VBZ,LOC
Who was the first X-Man to die in battle ?,who,who was,WP,VBD,VBD,HUM
What will the weather be today ?,what,what will,WP,MD,VB,DESC
Who is the President of Ghana ?,who,who is,WP,VBZ,VBZ,HUM
Which sex is denied voting rights in Kuwait ?,which,which sex,WDT,NN,VBN,ENTY
What two countries is Andorra nestled between ?,what,what two,WP,CD,VBZ,LOC
How long ago was the Roe vs. Wade decision by the Supreme Court ?,how,how long,WRB,RB,VBD,NUM
What terrorist group was headed by Donald DeFreeze ?,what,what terrorist,WDT,JJ,VBN,HUM
What are the four largest mountain ranges in the continental United States ?,what,what are,WP,VBP,VBP,LOC
What is the size of the student body at the University of Massachusetts in Amherst ?,what,what is,WP,VBZ,VBZ,NUM
How can I determine the radius of an ellipse ?,how,how can,WRB,MD,VB,DESC
Who starred in the movie The War of the Worlds ?,who,who starred,WP,VBD,VBD,HUM
How many different kinds of ice cream are there ?,how,how many,WRB,JJ,VBP,NUM
"What actor , who had greatest fame on TV , became the father of triplets ?",who,what actor who had,WP,VBD,VBD,HUM
What is the Homelite Inc. home page ?,what,what is,WP,VBZ,VBZ,LOC
What is the Golden Rule ?,what,what is,WP,VBZ,VBZ,DESC
What is a movie that Kevin Costner made about Sioux Indians ?,that,what is that kevin,WDT,NNP,VBZ,ENTY
What were millions of kids wearing on their heads in 1955 ?,what,what were,WP,VBD,VBD,ENTY
How does color affect a person psychologically ?,how,how does,WRB,VBZ,VB,DESC
What is Columbia Tristar 's phone number ?,what,what is,WP,VBZ,VBZ,NUM
What type of animal is the easiest kept pet there is ?,what,what type,WDT,NN,VBZ,ENTY
What is sound ?,what,what is,WP,VBZ,VBZ,DESC
"What was the name of the horse that fell on Queen Elizabeth , Prince Albert 's wife ?",that,what was that fell,WDT,VBD,VBD,ENTY
What are the current immigration laws in US ?,what,what are,WP,VBP,VBP,DESC
What were the five opening words on Ben Casey ?,what,what were,WP,VBD,VBD,ENTY
Why does it say on children 's cough syrup not to drive while using this medication ?,why,why does,WRB,VBZ,VB,DESC
What hair color can I use to just cover a little gray ?,what,what hair,WDT,NN,VB,ENTY
Where was Tesla born ?,where,where was,WRB,VBD,VBN,LOC
What does Larry King do for a living ?,what,what does,WP,VBZ,VB,HUM
Who shot Lee Harvey Oswald ?,who,who shot,WP,VBD,VBD,HUM
When did Jaco Pastorius die ?,when,when did,WRB,VBD,VB,NUM
What blood sport features a movement called a veronica ?,what,what blood,WP,NN,VBZ,ENTY
What was spawned the term `` MiG Alley '' ?,what,what was,WP,VBD,VBN,ENTY
What 's the most common street name in America ?,what,what 's,WP,VBZ,VBZ,LOC
What is the difference between khaki and chino ?,what,what is,WP,VBZ,VBZ,DESC
What is the origin of infinity ?,what,what is,WP,VBZ,VBZ,DESC
What alloy do copper and tin form ?,what,what alloy,WDT,NN,NN,ENTY
What plants are found in an estuary ?,what,what plants,WDT,NNS,VBN,ENTY
What are the side effects of mevacor ?,what,what are,WP,VBP,VBP,DESC
What are the top 5 tallest buildings in the world ?,what,what are,WP,VBP,VBP,LOC
Colin Powell is best known for what achievement ?,what,what achievement,WP,NN,VBZ,DESC
What was the name of the computer in ` 2001 : A Space Odyssey ' ?,what,what was,WP,VBD,VBD,ENTY
Who portrayed Renaud in Casablanca ?,who,who portrayed,WP,VBD,VBD,HUM
What country has problems with hooligans ?,what,what country,WDT,NN,VBZ,LOC
What planet did Percival Lovell discover ?,what,what planet,WDT,NN,VBP,LOC
How often are brain cells replaced ?,how,how often,WRB,RB,VBN,NUM
How much did Mercury spend on advertising in 1993 ?,how,how much,WRB,JJ,VB,NUM
What kind of rocket launched the Surveyor spacecraft ?,what,what kind,WDT,NN,VBD,ENTY
What country contains the westernmost point in South America ?,what,what country,WP,NN,VBZ,LOC
What did Abolitionists try to end ?,what,what did,WP,VBD,VB,ENTY
What 's the American dollar equivalent for 8 pounds in the U.K. ?,what,what 's,WP,VBZ,VBZ,NUM
Why should cigarette smoking be banned ?,why,why should,WRB,MD,VBN,DESC
What year did Charles Dicken die ?,what,what year,WDT,NN,VB,NUM
What D.H. Lawrence novel was originally titled Tenderness ?,what,what d.h.,WP,NNP,VBN,ENTY
What rock group raised a ruckus at the White House by singing American Woman ?,what,what rock,WP,NN,VBD,HUM
What is a fear of night or darkness ?,what,what is,WP,VBZ,VBZ,ENTY
What is the origin of the rock band Led Zeppelin 's name ?,what,what is,WP,VBZ,VBZ,DESC
How was Lawrence,how,how was,WRB,VBD,VBD,DESC
How do I know if I am pregnant ?,how,how do,WRB,VBP,VB,DESC
When did the last Americans leave Vietnam ?,when,when did,WRB,VBD,VBP,NUM
What famed clown appeared on an early Howdy Doody Show and insisted that Clarabell be made up as a real clown ?,what,what famed,WDT,JJ,VBD,HUM
"What group was formed in 1969 after police met resistance from patrons at the Stonewall , a Greenwich Village gay bar ?",what,what group,WDT,NN,NN,HUM
Who was Confucius ?,who,who was,WP,VBD,VBD,HUM
What snack food has ridges ?,what,what snack,WDT,NN,VBZ,ENTY
What 's the most popular four-player game of all time ?,what,what 's,WP,VBZ,VBZ,ENTY
What 's the meaning of the name Tatiana ?,what,what 's,WP,VBZ,VBZ,DESC
How many people died when the Estonia sank in 1994 ?,when,how many when the,WRB,DT,VBD,NUM
What Southern California town is named after a character made famous by Edgar Rice Burroughs ?,what,what southern,WP,NNP,VBN,LOC
How many colors are there in a rainbow ?,how,how many,WRB,JJ,VBP,NUM
What is the habitat of the chickadee ?,what,what is,WP,VBZ,VBZ,LOC
What drug is often used to treat AIDS patients ?,what,what drug,WDT,NN,VBN,ENTY
Which of the five senses develops first ?,which,which of,WDT,IN,VBZ,ENTY
Where did the name root beer come from ?,where,where did,WRB,VBD,VBN,DESC
What city 's the kickoff point for climbs of Mount Everest ?,what,what city,WDT,NN,NN,LOC
What is the average salary of a paleontologist ?,what,what is,WP,VBZ,VBZ,NUM
Where is the largest post office building in the world ?,where,where is,WRB,VBZ,VBZ,LOC
Who is currently the most popular singer in the world ?,who,who is,WP,VBZ,VBZ,HUM
Who was the first animal into space ?,who,who was,WP,VBD,VBD,ENTY
What is the correct way to mount a roll of toilet paper ?,what,what is,WP,VBZ,VBZ,ENTY
What Jules Verne novel features scientists held captive in the submarine Nautilus ?,what,what jules,WP,NNP,VBZ,ENTY
Why is Rush 's 2112 called 2112 ?,why,why is,WRB,VBZ,VBN,DESC
What 's the state motto of California ?,what,what 's,WP,VBZ,VBZ,DESC
What function does homeostasis have on the existence of an organism ?,what,what function,WDT,NN,VB,DESC
"What company started out making pies , and wound up manufacturing plastic throwing toys ?",what,what company,WDT,NN,VBD,HUM
What does the acronym CPR mean ?,what,what does,WP,VBZ,VB,ABBR
The Jewish alphabet is called what ?,what,what ?,WP,.,VBN,ENTY
What are the Baltic States ?,what,what are,WP,VBP,VBP,DESC
How many endangered species are there in the world ?,how,how many,WRB,JJ,VBP,NUM
Which large U.S. city had the highest murder rate for 1988 ?,which,which large,WDT,JJ,VBD,LOC
"Who was the bandleader mentor of Ella Fitzgerald with whom she cowrote `` A_Tisket , A-Tasket '' ?",whom,who was whom she,WP,PRP,VBD,HUM
Who invented basketball ?,who,who invented,WP,VBD,VBD,HUM
How has TV affected our society ?,how,how has,WRB,VBZ,VBN,DESC
When was the last major eruption of Mount St. Helens ?,when,when was,WRB,VBD,VBD,NUM
What was the name of Humphrey Bogart 's club in Casablanca ?,what,what was,WP,VBD,VBD,HUM
What U.S. Government agency registers trademarks ?,what,what u.s.,WP,NNP,NNS,HUM
What is osmosis ?,what,what is,WP,VBZ,VBZ,DESC
What format was the major competition of VHS ?,what,what format,WDT,NN,VBD,ENTY
What hockey player did Ronald Reagan joke he would swap Texas for ?,what,what hockey,WDT,NN,VBD,HUM
What is the world 's deadliest infectious disease ?,what,what is,WP,VBZ,VBZ,ENTY
Which infectious disease is the world 's deadliest ?,which,which infectious,WDT,JJ,VBZ,ENTY
"What President was buried at his ancestral home overlooking the Hudson River at Hyde Park , New York ?",what,what president,WP,NNP,VBN,HUM
How much did the first Barbie doll sell for in 1959 ?,how,how much,WRB,JJ,VBP,NUM
What country was General Douglas McArthur in when he was recalled by President Truman ?,when,what country when he,WRB,PRP,VBD,LOC
What are the five most popular Usenet groups ?,what,what are,WP,VBP,VBP,HUM
What are the seven deadly sins ?,what,what are,WP,VBP,VBP,DESC
"What is the latitude and longitude of El Paso , Texas ?",what,what is,WP,VBZ,VBZ,NUM
What does the name Melissa mean ?,what,what does,WP,VBZ,VB,DESC
What is the nature of snow and how is the formation of snow different from that of ice ?,how,what is how is,WRB,VBZ,VBZ,DESC
How many head injuries are there in recreational ice skating each year ?,how,how many,WRB,JJ,VBP,NUM
A normal human pregnancy lasts how many months ?,how,how many,WRB,JJ,VBZ,NUM
What kind of sports team is the Buffalo Sabres ?,what,what kind,WDT,NN,VBZ,ENTY
What impenetrable system of French fortifications was built along the German frontier before World War II ?,what,what impenetrable,WDT,JJ,VBN,ENTY
What are new computer games for Windows 95 or 98 ?,what,what are,WP,VBP,VBP,ENTY
Who domesticated the wild turkey ?,who,who domesticated,WP,VBD,VBD,HUM
How can I get someone 's phone number if I only have their screen name ?,how,how can,WRB,MD,VB,DESC
What European race sees the winner of its mountain stage awarded a jersey with large red polka dots ?,what,what european,WP,JJ,VBZ,ENTY
What country does Ileana Cotrubas come from ?,what,what country,WDT,NN,VB,LOC
What 's the motto of the Boy Scouts ?,what,what 's,WP,VBZ,VBZ,DESC
What two European countries are joined by the Gran San Bernardo Pass ?,what,what two,WP,CD,VBN,LOC
What movie did Steven Spielberg direct in 1975 ?,what,what movie,WP,NN,JJ,ENTY
What kind of creatures are the Canary Islands named for ?,what,what kind,WDT,NN,VBP,ENTY
What was the name of the US helicopter pilot shot down over North Korea ?,what,what was,WP,VBD,VBD,HUM
What 's a male `` cuckquean '' ?,what,what 's,WP,VBZ,VBZ,DESC
"What are the factors leading to the high teen pregnancy rate in Spartanburg , South Carolina ?",what,what are,WP,VBP,VBP,DESC
"Name the designer of the shoe that spawned millions of plastic imitations , known as ` jellies ' .",that,that spawned,WDT,VBD,VB,HUM
What does RCA stand for ?,what,what does,WP,VBZ,VB,ABBR
Why are ice cream sundaes called sundaes ?,why,why are,WRB,VBP,VBP,DESC
What 's the singular of dice ?,what,what 's,WP,VBZ,VBZ,ENTY
Who is Olive Oyl 's brother ?,who,who is,WP,VBZ,VBZ,HUM
"What 12-hour cold medicine uses the formula `` 6 , 6 , 12 '' in its ads ?",what,what 12-hour,WP,CD,VBZ,ENTY
What was the first video ever made ?,what,what was,WP,VBD,VBD,ENTY
What 's the favorite food of dragonflies ?,what,what 's,WP,VBZ,VBZ,ENTY
What king boycotted Prince Charles 's wedding ?,what,what king,WDT,NN,VBD,HUM
What does Nicholas Cage do for a living ?,what,what does,WP,VBZ,VB,HUM
What was the nickname of model Leslie Hornby ?,what,what was,WP,VBD,VBD,HUM
Where is the Taj Mahal ?,where,where is,WRB,VBZ,VBZ,LOC
What 's distinctive about a palmiped 's feet ?,what,what 's,WP,VBZ,VBZ,DESC
In 139 the papal court was forced to move from Rome to where ?,where,where ?,WRB,.,VBN,LOC
What is the first day of the week ?,what,what is,WP,VBZ,VBZ,NUM
What is goulash ?,what,what is,WP,VBZ,VBZ,DESC
What capital is built around Monument Circle which contains soldiers and sailors monument ?,which,what capital which contains,WDT,VBZ,VBN,LOC
Name the men 's cologne that is associated with the sea .,that,that is,WDT,VBZ,VB,ENTY
How does a parachute work ?,how,how does,WRB,VBZ,NN,DESC
What is the first book of the Old Testament ?,what,what is,WP,VBZ,VBZ,ENTY
How many of them are in sub-Saharan Africa ?,how,how many,WRB,JJ,VBP,NUM
"What is the history of Spartacus , the Roman slave and gladiator ?",what,what is,WP,VBZ,VBZ,DESC
What famed wall supports the Badaling turret ?,what,what famed,WDT,JJ,VBZ,LOC
"Who portrayed Fatman in the television show , `` Jake and the Fatman '' ?",who,who portrayed,WP,VBD,VBD,HUM
What is object-oriented design ?,what,what is,WP,VBZ,VBZ,DESC
What does Melissa mean ?,what,what does,WP,VBZ,VB,DESC
What is form drag ?,what,what is,WP,VBZ,VBZ,DESC
Who were John F. Kennedy 's dogs ?,who,who were,WP,VBD,VBD,ENTY
Where are good science sites on the Internet ?,where,where are,WRB,VBP,VBP,LOC
What woman was Time 's Man of the Year for 1952 ?,what,what woman,WDT,NN,VBD,HUM
What currents affect the area of the Shetland Islands and Orkney Islands in the North Sea ?,what,what currents,WDT,NNS,VBP,DESC
Who wrote The Ugly Duckling ?,who,who wrote,WP,VBD,VBD,HUM
Who designed London Bridge ?,who,who designed,WP,VBD,VBD,HUM
"How many miles are there between Tel Aviv , Israel and Memphis , Tennessee ?",how,how many,WRB,JJ,VBP,NUM
How many flavors of ice cream does Howard Johnson 's have ?,how,how many,WRB,JJ,VBZ,NUM
What weapon did the crossed slits in English castles accommodate ?,what,what weapon,WDT,NN,VBP,ENTY
How can I stop or slow down aging ?,how,how can,WRB,MD,VB,DESC
Where are the busiest Amtrak rail stations in the U.S. ?,where,where are,WRB,VBP,VBP,LOC
How many freckles does Howdy Doody have on his face ?,how,how many,WRB,JJ,VB,NUM
"How does Cos Cob , CT get its name ?",how,how does,WRB,VBZ,VBP,DESC
Who was considered to be the father of psychology ?,who,who was,WP,VBD,VBN,HUM
How did Super President gain his powers on the animated series ?,how,how did,WRB,VBD,VB,DESC
How tall was the animated King Kong ?,how,how tall,WRB,JJ,VBD,NUM
What are values ?,what,what are,WP,VBP,VBP,DESC
What is the population of Japan ?,what,what is,WP,VBZ,VBZ,NUM
Name an American made motorcycle .,,,,,VB,ENTY
Where was the largest concentration camp in World War II ?,where,where was,WRB,VBD,VBD,LOC
How much did Alaska cost when bought from Russia ?,when,how much when bought,WRB,VBN,NN,NUM
How many events make up the decathlon ?,how,how many,WRB,JJ,VBP,NUM
What causes blue balls ?,what,what causes,WP,VBZ,VBZ,DESC
What were the first bodies visited by spacecraft ?,what,what were,WP,VBD,VBD,LOC
Who succeeded Nikita Khrushchev as first secretary of the Communist Party ?,who,who succeeded,WP,VBD,VBD,HUM
Who was chosen to be the first black chairman of the military Joint Chiefs of Staff ?,who,who was,WP,VBD,VBN,HUM
Name of the lady the Great Gatsby pines for ?,,,,,NNS,HUM
What does a chef coddle eggs in ?,what,what does,WP,VBZ,VBZ,ENTY
How many bails are there in a cricket wicket ?,how,how many,WRB,JJ,VBP,NUM
What city was Martin Luther King Jr. assassinated in ?,what,what city,WDT,NN,VBD,LOC
"What celebrity couple , when going through a divorce , divided their toilet paper into two equal piles ?",when,what celebrity when going,WRB,VBG,VBD,HUM
Where 's the Bernini-Bristol Hotel ?,where,where 's,WRB,VBZ,VBZ,LOC
Who said `` What contemptible scoundrel stole the cork from my lunch ? '',what,who said what contemptible,WP,JJ,VBD,HUM
What is the capital of Kosovo ?,what,what is,WP,VBZ,VBZ,LOC
What kind of company is 7-Eleven ?,what,what kind,WDT,NN,VBZ,HUM
How many letters appear with the numbers 2 to 9 on a telephone dial ?,how,how many,WRB,JJ,VBP,NUM
What were the first three cities to have a population of more than a million ?,what,what were,WP,VBD,VBD,LOC
How did the months of the year get there name ?,how,how did,WRB,VBD,VBP,DESC
What scale measures earthquakes ?,what,what scale,WDT,NN,NNS,ENTY
What is a glory hole ?,what,what is,WP,VBZ,VBZ,DESC
What kind of education would you need to become an athletic trainer for the NFL ?,what,what kind,WDT,NN,VB,ENTY
What are the major companies that are part of Dow Jones ?,that,what are that are,WDT,VBP,VBP,HUM
What college did Joe Namath play football for ?,what,what college,WDT,NN,VB,HUM
What was the minimum wage in 1991 ?,what,what was,WP,VBD,VBD,NUM
What country is the biggest producer of tungsten ?,what,what country,WP,NN,VBZ,LOC
How does it make its colors ?,how,how does,WRB,VBZ,VB,DESC
What would happen to Canada if Quebec separated ?,what,what would,WP,MD,VB,DESC
When is the Jimmy Buffett concert coming to the E center in Camden NJ ?,when,when is,WRB,VBZ,VBZ,NUM
What is ` Last Chance for Animals ' ?,what,what is,WP,VBZ,VBZ,DESC
What European country abandoned postage stamps in 1923 because printing them cost more than their face value ?,what,what european,WDT,JJ,VBD,LOC
What is the weather like on the moon ?,what,what is,WP,VBZ,VBZ,DESC
Who was the 1st U.S. President ?,who,who was,WP,VBD,VBD,HUM
"What is the main language of Sao Paulo , Brazil ?",what,what is,WP,VBZ,VBZ,ENTY
How much did Varian Associates try to sell its vacuum products division to the BOC group for ?,how,how much,WRB,JJ,VBP,NUM
What is the abbreviation of the International Olympic Committee ?,what,what is,WP,VBZ,VBZ,ABBR
How many people hike ?,how,how many,WRB,JJ,VBP,NUM
What are boxcars ?,what,what are,WP,VBP,VBP,DESC
How do I keep cats out of my flower garden for good ?,how,how do,WRB,VBP,VB,DESC
Who played Maria in the film West Side Story ?,who,who played,WP,VBD,VBD,HUM
What is a common anti-AIDS drug ?,what,what is,WP,VBZ,VBZ,ENTY
Who bestowed great power upon Captain Britain ?,who,who bestowed,WP,VBD,VBD,HUM
How can you tell when figs are ripe ?,when,how can when figs,WRB,NNS,VB,DESC
How do I love thee ?,how,how do,WRB,VBP,VB,DESC
Which type of soda has the greatest amount of caffeine ?,which,which type,WDT,NN,VBZ,ENTY
What nationality is a Sicilian ?,what,what nationality,WDT,NN,VBZ,LOC
What is the most common boy 's or girl 's name ?,what,what is,WP,VBZ,VBZ,HUM
"Who was the accused in The Trial of the Century , which opened Janurary 1 , 1935 ?",which,who was which opened,WDT,VBD,VBD,HUM
What color was the hundred billionth crayon made by Crayola ?,what,what color,WDT,NN,VBD,ENTY
What soft drink tells us to `` Go Hawaiian '' ?,what,what soft,WDT,JJ,VBZ,ENTY
How does a hydroelectric dam work ?,how,how does,WRB,VBZ,NN,DESC
What is the oldest building in the United States ?,what,what is,WP,VBZ,VBZ,LOC
What is the West Virginia state animal ?,what,what is,WP,VBZ,VBZ,ENTY
How many people died on South Carolina highways in 1998 ?,how,how many,WRB,JJ,VBD,NUM
What are binomial coefficients ?,what,what are,WP,VBP,VBP,DESC
What was The Living Room War ?,what,what was,WP,VBD,VBD,DESC
What are some translations of the phrase `` Thank-you '' ?,what,what are,WP,VBP,VBP,ENTY
What is President Nixon 's birthdate ?,what,what is,WP,VBZ,VBZ,NUM
What is `` the great American family cereal '' ?,what,what is,WP,VBZ,VBZ,ENTY
"What was Suzy Parker doing to earn $1 , 000 in the early 1950 's ?",what,what was,WP,VBD,VBG,DESC
How many people died in the Vietnam war ?,how,how many,WRB,JJ,VBD,NUM
What year did Montana become a state ?,what,what year,WDT,NN,VB,NUM
When was the USSR dissolved ?,when,when was,WRB,VBD,VBD,NUM
Why are there letters on the telephone ? Why are there no Q or Z ?,why,why are,WRB,VBP,VBP,DESC
What Japanese city was once called Edo ?,what,what japanese,WP,JJ,VBN,LOC
Who did the Seven Mules block for ?,who,who did,WP,VBD,VBD,HUM
What is the world 's largest distilling company ?,what,what is,WP,VBZ,VBZ,HUM
"What 's the name of the actress who starred in the movie , `` Silence of the Lambs '' ?",who,what 's who starred,WP,VBD,VBZ,HUM
Where is one 's corpus callosum found ?,where,where is,WRB,VBZ,VBN,LOC
Who did Napolean defeat at Jena and Auerstadt ?,who,who did,WP,VBD,VBD,HUM
What household products are there for adult acne ?,what,what household,WDT,NN,VBP,ENTY
What British prime minister and U.S. president were seventh cousins once-removed ?,what,what british,WDT,JJ,VBD,HUM
What is the most expensive car in the world ?,what,what is,WP,VBZ,VBZ,ENTY
What is an Angelus ?,what,what is,WP,VBZ,VBZ,DESC
How many objects orbit the Earth ?,how,how many,WRB,JJ,VBP,NUM
What was the tragedy that struck the city of Dogtown in 1899 ?,that,what was that struck,WDT,VBD,VBD,ENTY
What 's the oldest capital city in the Americas ?,what,what 's,WP,VBZ,VBZ,LOC
What Leon Uris novel dealt with the Russian capture of Berlin ?,what,what leon,WP,NNP,VBD,ENTY
"What is the location of Edinburgh , Scotland ?",what,what is,WP,VBZ,VBZ,LOC
How many muscles does the average adult use when going for a walk ?,when,how many when going,WRB,VBG,VBZ,NUM
How long do you have to live in a community to vote ?,how,how long,WRB,RB,VB,NUM
What was the name of the Titanic 's captain ?,what,what was,WP,VBD,VBD,HUM
Name of heroine in `` Scruples '' ?,,,,,NN,HUM
How big is the Chappellet vineyard ?,how,how big,WRB,JJ,VBZ,NUM
Jackson Pollock was a native of what country ?,what,what country,WP,NN,VBD,LOC
What makes sperm ?,what,what makes,WP,VBZ,VBZ,DESC
How do I know how much money to save for retirement ?,how,how do how much,WRB,JJ,VB,DESC
What does the dot on the letter i mean ?,what,what does,WP,VBZ,VBP,DESC
Who wrote The Godfather ?,who,who wrote,WP,VBD,VBD,HUM
What is the origin of the term soda jerk ?,what,what is,WP,VBZ,VBZ,DESC
What is the frequency of VHF ?,what,what is,WP,VBZ,VBZ,NUM
What sport does Chris Jogis play ?,what,what sport,WDT,NN,VB,ENTY
What island was the target of the U.S. 's Operation Urgent Fury ?,what,what island,WDT,NN,VBD,LOC
What is a fear of robbers ?,what,what is,WP,VBZ,VBZ,ENTY
What Nevil Shute novel is about the doomed survivors of a nuclear war ?,what,what nevil,WP,NNP,VBZ,ENTY
What is the cause of endangered species ?,what,what is,WP,VBZ,VBZ,DESC
Which of the following TV newsmen was a Rhodes scholar ?,which,which of,WDT,IN,VBD,HUM
What did Warlock wear on his forehead in Marvel comics ?,what,what did,WP,VBD,VB,ENTY
What is the softest part of the body ?,what,what is,WP,VBZ,VBZ,ENTY
What six-foot temperance advocate wielded her hatchet on saloons ?,what,what six,WP,CD,VBD,HUM
How many islands does Fiji have ?,how,how many,WRB,JJ,VB,NUM
What line divided the North and South in the U.S. Civil War ?,what,what line,WDT,NN,VBD,ENTY
What is the definition of cecum ?,what,what is,WP,VBZ,VBZ,DESC
Who invented volleyball ?,who,who invented,WP,VBD,VBD,HUM
What 's the most powerful country in the world ?,what,what 's,WP,VBZ,VBZ,LOC
How do I do this ?,how,how do,WRB,VBP,VB,DESC
Name a ballet company Mikhail Baryshnikov has danced for ?,,,,,VBN,HUM
Who led the Normans to victory in the Battle of Hastings ?,who,who led,WP,VBD,VBD,HUM
What is the origin of the word `` Teddy bear '' ?,what,what is,WP,VBZ,NN,DESC
What percentage of the world 's plant and animal species can be found in the Amazon forests ?,what,what percentage,WDT,NN,VBN,NUM
"What 's the name of the star of the cooking show , `` Galloping Gourmet '' ?",what,what 's,WP,VBZ,VBZ,HUM
Who invented the horoscope ?,who,who invented,WP,VBD,VBD,HUM
What nutrients are for healthy bones and teeth ?,what,what nutrients,WDT,NNS,VBP,ENTY
What are Fortune 500 companies ?,what,what are,WP,VBP,VBP,DESC
What is the difference between ninjitsu and kung fu ?,what,what is,WP,VBZ,VBZ,DESC
What king was forced to agree to the Magna Carta ?,what,what king,WDT,NN,VBN,HUM
How many electoral college votes does Colorado have ?,how,how many,WRB,JJ,VB,NUM
What were Babe Ruth 's Christian names ?,what,what were,WP,VBD,VBD,HUM
How many bottles of wine were prisoners in the Bastille allowed per day ?,how,how many,WRB,JJ,VBD,NUM
Where do lobsters like to live ?,where,where do,WRB,VBP,JJ,LOC
"Who was the first elected mayor of Washington , D.C. ?",who,who was,WP,VBD,VBD,HUM
What are the wolverine habits ?,what,what are,WP,VBP,VBP,ENTY
How do you fix squeaky floors ?,how,how do,WRB,VBP,VB,DESC
When was the Big Thompson flood ?,when,when was,WRB,VBD,VBD,NUM
What good are mosquitoes ?,what,what good,WDT,JJ,VBP,DESC
How do you get bubblegum out of carpet ?,how,how do,WRB,VBP,VB,DESC
"What 's played at Wembley Stadium , London , every May ?",what,what 's,WP,VBZ,VBN,ENTY
"Who wrote the sci-fi trilogy Foundation , Foundation and Empire , and Second Foundation ?",who,who wrote,WP,VBD,VBD,HUM
How many hours of work does it take a typist to complete a 100-page screenplay ?,how,how many,WRB,JJ,VB,NUM
What is Alice Cooper 's real name ?,what,what is,WP,VBZ,VBZ,HUM
What is the Peloponnesian League ?,what,what is,WP,VBZ,VBZ,DESC
What two cities usually mark the extremes of English Channel swims ?,what,what two,WP,CD,VBZ,LOC
How many times does the tide ebb and flow each day ?,how,how many,WRB,JJ,VBZ,NUM
Who invented television ?,who,who invented,WP,VBD,VBD,HUM
What are tannins ?,what,what are,WP,VBP,VBP,DESC
How does General Mills manufacture Cheerios ?,how,how does,WRB,VBZ,VB,DESC
What was Jimmy Durante 's theme song ?,what,what was,WP,VBD,VBD,ENTY
Name the person who burst through the screen in the Lite beer commercials .,who,who burst,WP,VBP,VB,HUM
What delicacy is known indelicately as pickled roe ?,what,what delicacy,WP,NN,VBN,ENTY
What after-dinner treat was invented in 1916 at the George Jung noodle factory in Los Angeles ?,what,what after,WP,IN,VBN,ENTY
What U.S. vice-president killed Alexander Hamilton in a duel ?,what,what u.s.,WP,NNP,VBD,HUM
What 's the Fahrenheit equivalent of zero degrees centigrade ?,what,what 's,WP,VBZ,VBZ,NUM
How many muscles does an oyster have ?,how,how many,WRB,JJ,VB,NUM
"What card game derived its name from biritch , or Russian Whist ?",what,what card,WDT,NN,VBD,ENTY
Who wrote `` Much Ado About Nothing '' ?,who,who wrote,WP,VBD,VBD,HUM
What is the collective noun for geese ?,what,what is,WP,VBZ,VBZ,ENTY
What personality traits are Capricorns said to have ?,what,what personality,WDT,NN,VBD,DESC
Where can I get information concerning child custody files for the State of Utah ?,where,where can,WRB,MD,VB,LOC
What was John F. Kennedy 's 1960 campaign song ?,what,what was,WP,VBD,VBD,ENTY
What Louisiana Senator won a seat that had been held by his father and mother ?,that,what louisiana that had,WDT,VBD,VBD,HUM
What hymn did John Steinbeck get his title The Grapes of Wrath from ?,what,what hymn,WDT,NN,VB,ENTY
What invention does the principle of conservation of energy make impossible ?,what,what invention,WDT,NN,VBP,ENTY
What 's the highest-ranking suit in bridge ?,what,what 's,WP,VBZ,VBZ,ENTY
Who won Oscars for her roles in Gone with the Wind and A Streetcar Named Desire ?,who,who won,WP,VBD,VBD,HUM
What writer is famous for physically putting himself into the center of his subject matter ?,what,what writer,WDT,NN,VBZ,HUM
Who 's the lead singer of the Led Zeppelin band ?,who,who 's,WP,VBZ,VBZ,HUM
"In Dana 's `` Two Years Before the Mast , '' what seafarers lived in an abandoned oven on the beach at San Diego ?",what,what seafarers,WP,NNS,VBD,HUM
Who plays the cop in the movie `` Kindergarten Cop '' ?,who,who plays,WP,VBZ,VBZ,HUM
How many characters makes up a word for typing test purposes ?,how,how many,WRB,JJ,VBZ,NUM
What non-mechanical sport achieves the highest speeds ?,what,what non,WDT,JJ,VBZ,ENTY
What was the 1940 annual salary for a boilermaker ?,what,what was,WP,VBD,VBD,NUM
"Who created Billy Pilgrim , a survivor of the Dresden firestorm ?",who,who created,WP,VBD,VBD,HUM
"What indoor sport saw the Phoenix Inferno become the Phoenix Pride on July 14 , 1983 , when the temperature hit 111 degrees ?",when,what indoor when the,WRB,DT,VBD,ENTY
What country saw the origin of the Asian Flu ?,what,what country,WP,NN,VBD,LOC
Who is the richest woman in the world ?,who,who is,WP,VBZ,VBZ,HUM
Where can I take a test that will tell me what I should be when I grow up ?,when,where can that will what i when i,WRB,PRP,VB,LOC
What caused the death of Bob Marley ?,what,what caused,WP,VBD,VBD,DESC
"What 's Mrs. Bridges 's job on TV 's Upstairs , Downstairs ?",what,what 's,WP,VBZ,VBZ,HUM
What daily newspaper will `` help you see clearer across the USA '' ?,what,what daily,WDT,JJ,VB,ENTY
What lake in Scotland is said to hold one or more monsters ?,what,what lake,WP,NN,VBN,LOC
Who were the 1974 Oscar winners ?,who,who were,WP,VBD,VBD,HUM
What kind of business is 7-Eleven ?,what,what kind,WDT,NN,VBZ,HUM
What is Sinn Fein ?,what,what is,WP,VBZ,VBZ,DESC
"What is the name of the rare neurological disease with symptoms such as : involuntary movements , tics , swearing , and incoherent vocalizations , grunts , shouts , etc. ?",what,what is,WP,VBZ,VBZ,ENTY
What do river otters eat ?,what,what do,WP,VBP,VB,ENTY
"Who wrote the book , `` Huckleberry Finn '' ?",who,who wrote,WP,VBD,VBD,HUM
Who would you use the Heimlich maneuver on ?,who,who would,WP,MD,VB,HUM
What famed library can you reach by dialing 22-287-5 ?,what,what famed,WDT,JJ,VB,LOC
What five-time winner of the Kentucky Derby lost his first 25 races ?,what,what five,WP,CD,VBD,ENTY
What did Vasco da Gama discover ?,what,what did,WP,VBD,NN,ENTY
What is Megan 's law ?,what,what is,WP,VBZ,VBZ,DESC
Where can I get a complete listing of showtimes in my area ?,where,where can,WRB,MD,VB,LOC
Where 's Montenegro ?,where,where 's,WRB,VBZ,VBZ,LOC
What is usenet for the Internet ?,what,what is,WP,VBZ,VBZ,DESC
What are field effect transistors ?,what,what are,WP,VBP,VBP,DESC
What was the killer whale who died at Sea World of a fungal infection named ?,who,what was who died,WP,VBD,VBD,ENTY
What is witch hazel ?,what,what is,WP,VBZ,VBZ,DESC
What is state tree of Nebraska ?,what,what is,WP,VBZ,VBZ,ENTY
Where is Glasgow ?,where,where is,WRB,VBZ,VBZ,LOC
Why is Chicago named Chicago ?,why,why is,WRB,VBZ,VBN,DESC
What three colors of ink are used to print a U.S. dollar bill ?,what,what three,WP,CD,VBN,ENTY
What exactly is the purpose of the anteater ?,what,what exactly,WP,RB,VBZ,DESC
What is the correct way to use `` may '' vs. `` might '' ?,what,what is,WP,VBZ,VBZ,ENTY
What North American city boasts the biggest Polish population ?,what,what north,WP,JJ,VBZ,LOC
"What radio , TV and movie character did Jackie Gleason and William Bendix play ?",what,what radio,WDT,NN,VB,HUM
"Where is it planned to berth the merchant ship , Lane Victory , which Merchant Marine veterans are converting into a floating museum ?",which,where is which merchant,WDT,NNP,VBN,LOC
What does a pedometer measure ?,what,what does,WP,VBZ,NN,ENTY
What is Maurizio Pellegrin 's age ?,what,what is,WP,VBZ,VBZ,NUM
How many thousands of students attend the University of Massachusetts ?,how,how many,WRB,JJ,VBP,NUM
Name the U.S. Senate majority leader and the Speaker of the House .,,,,,VB,HUM
What name did football 's New York Titans adopt in 1963 ?,what,what name,WDT,NN,VBP,HUM
What female suspect in the game of Clue is single ?,what,what female,WDT,JJ,VBZ,HUM
Who owns CNN ?,who,who owns,WP,VBZ,VBZ,HUM
About how many Americans are still unaccounted for from the Vietnam war ?,how,how many,WRB,JJ,JJ,NUM
What is the chemical reactivity of neon ?,what,what is,WP,VBZ,VBZ,NUM
What is an auto-commentary ?,what,what is,WP,VBZ,VBZ,DESC
What is the oldest website on the Internet ?,what,what is,WP,VBZ,VBZ,LOC
What is deconstructionism ?,what,what is,WP,VBZ,VBZ,DESC
What did Lenny Bruce say that got him arrested ?,what,what did,WP,VBD,VB,DESC
What newspaper returned a Pulitzer Prize for the fraudulent story Jimmy 's World ?,what,what newspaper,WDT,NN,VBD,ENTY
What is a fear of speaking ?,what,what is,WP,VBZ,VBZ,ENTY
What was Hitler 's favorite movie ?,what,what was,WP,VBD,VBD,ENTY
Why do airliners crash vs. gliding down ?,why,why do,WRB,VBP,VB,DESC
What are those little blue reflectors in the middle of the road for ?,what,what are,WP,VBP,VBP,DESC
"What member of The Little Rascals has an on-again , off-again sweetheart in Darla Hood ?",what,what member,WDT,NN,VBZ,HUM
How is saline used in medicine ?,how,how is,WRB,VBZ,VBN,DESC
"What is the name of the ` female ' counterpart to El Nino , which results in cooling temperatures and very dry weather ?",which,what is which results,WDT,VBZ,VBZ,ENTY
"What incident of 1933 did the German Nazis use to justify emergency decrees , imprisoning opponents and vesting more power in themselves ?",what,what incident,WDT,NN,VBP,ENTY
What country are you visiting if you land at President Duvalier Airport ?,what,what country,WDT,NN,VBG,LOC
What attorney-general ordered the closing of Alcatraz ?,what,what attorney,WDT,NN,VBD,HUM
What is the capital of Congo ?,what,what is,WP,VBZ,VBZ,LOC
What is the text of the Fifth Amendment ?,what,what is,WP,VBZ,VBZ,DESC
What is a country that starts with the letter x ?,that,what is that starts,WDT,VBZ,VBZ,LOC
What countries earn the most from tourism ?,what,what countries,WDT,NNS,VBP,LOC
What is the Internet2 ?,what,what is,WP,VBZ,VBZ,DESC
Which city in China has the largest number of foreign financial companies ?,which,which city,WDT,NN,VBZ,LOC
When are the Oscars Academy Awards in 1999 ?,when,when are,WRB,VBP,VBP,NUM
Who was the prophet of the Jewish people ?,who,who was,WP,VBD,VBD,HUM
What is the most common name ?,what,what is,WP,VBZ,VBZ,HUM
Who was the oldest U.S. president ?,who,who was,WP,VBD,VBD,HUM
"What common plant has a button , cap , cup , gills , and ring ?",what,what common,WP,JJ,VBZ,ENTY
When was Dubai 's first concrete house built ?,when,when was,WRB,VBD,VBN,NUM
What is the Milky Way ?,what,what is,WP,VBZ,VBZ,DESC
What is Remembrance Day all about ?,what,what is,WP,VBZ,VBZ,DESC
What food did Marco Polo introduce into Italy from the court of Kubla Khan ?,what,what food,WDT,NN,VBP,ENTY
What diamond producer controls about 80% of the world 's diamonds ?,what,what diamond,WDT,NN,VBZ,HUM
Who is the prophet of the religion of Islam ?,who,who is,WP,VBZ,VBZ,HUM
Who portrayed Maggio in the film From Here to Eternity ?,who,who portrayed,WP,VBD,VBD,HUM
Where are zebras most likely found ?,where,where are,WRB,VBP,VBN,LOC
What are the odds of giving birth to twins ?,what,what are,WP,VBP,VBP,NUM
"What is the best place to live in the world , considering climate , civilization ?",what,what is,WP,VBZ,VBZ,LOC
What is meant by `` capital market '' ?,what,what is,WP,VBZ,VBN,DESC
"In My Antonia , how is Mr. Shimerda out of place on the farm ?",how,how is,WRB,VBZ,VBZ,DESC
What ship did Lloyd M. Bucher command ?,what,what ship,WDT,NN,NN,ENTY
Name a medicine commonly used to combat AIDS ?,,,,,VB,ENTY
What is the difference between hair and fur ?,what,what is,WP,VBZ,VBZ,DESC
What is the difference between love and infatuation ?,what,what is,WP,VBZ,VBZ,DESC
Name the cartoon genie conjured by the magic ring shared by Nancy and Chuck .,,,,,VB,HUM
What foods contain vitamin B12 ?,what,what foods,WDT,NNS,VBP,ENTY
What is the amount of money owed for illegally having a dog on a beach ?,what,what is,WP,VBZ,VBZ,NUM
What are the first and last letters of the Greek alphabet ?,what,what are,WP,VBP,VBP,ENTY
What is the web address at which I can find the e-mail address of a member of the US House of Representatives ?,which,what is which i,WDT,PRP,VBZ,LOC
How big is the largest diamond ?,how,how big,WRB,JJ,VBZ,NUM
What are some ways to help someone with Chicken Pox ?,what,what are,WP,VBP,VBP,ENTY
How do I find out the exact time of a sunset for a particular day ?,how,how do,WRB,VBP,VB,DESC
When did the original Howdy Doody show go off the air ?,when,when did,WRB,VBD,VB,NUM
How many languages are there in the world ?,how,how many,WRB,JJ,VBP,NUM
Who was Picasso ?,who,who was,WP,VBD,VBD,HUM
Who were the only two bald U.S. Presidents ?,who,who were,WP,VBD,VBD,HUM
Which member of Charlie 's Angels sang vocals for Josie and the Pussycats ?,which,which member,WDT,NN,VBD,HUM
What river flows past the Temple of Karnak ?,what,what river,WDT,NN,VBZ,LOC
What comedian was The Perfect Fool ?,what,what comedian,WDT,NN,VBD,HUM
What are the benefits of a rowing machine ?,what,what are,WP,VBP,VBP,DESC
Where do you find information about the Queensland National Competition Policy,where,where do,WRB,VBP,VB,LOC
What 's a `` coup de poing '' to a French boxer ?,what,what 's,WP,VBZ,VBZ,DESC
What 's the difference between carelessness and carefreeness ?,what,what 's,WP,VBZ,VBZ,DESC
What is the Islamic counterpart to the Red Cross ?,what,what is,WP,VBZ,VBZ,ENTY
Why does tuberculosis afflict people ?,why,why does,WRB,VBZ,VB,DESC
Who loved Flash Gordon besides Dale ?,who,who loved,WP,VBD,VBD,HUM
What is tyvek ?,what,what is,WP,VBZ,VBZ,DESC
What do humans catch zoonose diseases from ?,what,what do,WP,VBP,VB,ENTY
How did Asia get its name ?,how,how did,WRB,VBD,VB,DESC
What was the name of the U.S. Navy gunboat in the film The Sand Pebbles ?,what,what was,WP,VBD,VBD,ENTY
Where can I get information on the original 13 US colonies ?,where,where can,WRB,MD,VB,LOC
For what disease is the drug Sinemet used as a treatment ?,what,what disease,WDT,NN,VBZ,ENTY
What are three ways in which wind is created on the earth ?,which,what are which wind,WDT,NN,VBP,ENTY
What gender is not allowed to vote in Kuwait ?,what,what gender,WDT,NN,VBN,ENTY
How many inches over six feet is Tom Selleck ?,how,how many,WRB,JJ,VBZ,NUM
What is the name of the disease that actress Hunter Tylo 's baby girl has ?,that,what is that actress,WDT,NN,VBZ,ENTY
Who 's the only president buried in Washington,who,who 's,WP,VBZ,VBZ,HUM
How much could you rent a Volkswagen bug for in 1966 ?,how,how much,WRB,JJ,VB,NUM
Whose singing voice was dubbed in for Natalie Wood in West Side Story and Audrey Hepburn in My Fair Lady ?,,,,,VBN,HUM
"What is the mean income of the top 10% , top 5% , and top 1% ?",what,what is,WP,VBZ,VBZ,NUM
What North American city sprouts the most parking meters ?,what,what north,WP,JJ,VBZ,LOC
What is the largest and most expensive freeway construction project in the U.S. right now ?,what,what is,WP,VBZ,VBZ,LOC
What can I do to get into an Ivy League school ?,what,what can,WP,MD,VB,DESC
What film did Louise Fletcher win the best actress Oscar for ?,what,what film,WDT,NN,VBD,ENTY
Where did Gulliver find a race of tiny people ?,where,where did,WRB,VBD,VB,LOC
"What 1950 film won seven Oscars , including best picture ?",what,what 1950,WP,CD,VBD,ENTY
How much stronger is the new vitreous carbon material invented by the Tokyo Institute of Technology compared with the material made from cellulose ?,how,how much,WRB,RB,VBZ,NUM
How much do tuberculosis combatting drugs cost ?,how,how much,WRB,JJ,VBP,NUM
President Bush compared Saddam Hussein to whom ?,whom,whom ?,WP,.,VBD,HUM
What 's the name of Pittsburgh 's baseball team ?,what,what 's,WP,VBZ,VBZ,HUM
What Shakespeare play opens with the line : `` Now is the winter of our discontent.. . '' ?,what,what shakespeare,WP,NNP,VBZ,ENTY
"What TV comedian worked with White Fang , Black Tooth and Pookie the Lion ?",what,what tv,WDT,NN,VBD,HUM
Who created the character James Bond ?,who,who created,WP,VBD,VBD,HUM
What type of exercise burns the most calories ?,what,what type,WDT,NN,VBZ,ENTY
What is `` the only cigarette made with no leftovers '' ?,what,what is,WP,VBZ,VBZ,DESC
Where did the Japanese Imperial Forces surrender to end WWII ?,where,where did,WRB,VBD,VBP,LOC
What is Mikhail Gorbachev 's middle initial ?,what,what is,WP,VBZ,VBZ,ABBR
How many rows of whiskers does a cat have ?,how,how many,WRB,JJ,VB,NUM
What British general surrendered to the colonial army at Saratoga ?,what,what british,WDT,JJ,VBD,HUM
"How can people from Ireland come to the U.S. , work , and then return to Ireland ?",how,how can,WRB,MD,VBP,DESC
"What product 's ads claim that it `` eliminates odors , kills household germs , mold , and mildew '' ?",what,what product,WDT,NN,VBP,ENTY
What is the world population as of today ?,what,what is,WP,VBZ,VBZ,NUM
What is the history of Buffalo chicken wings ?,what,what is,WP,VBZ,VBZ,DESC
What is humidity ?,what,what is,WP,VBZ,VBZ,DESC
"What kind of creatures are black , yellow , and brown bullheads ?",what,what kind,WDT,NN,VBP,ENTY
What city would you be in if you were feeding the pigeons in the Piazza San Marco ?,what,what city,WDT,NN,VB,LOC
What artist 's studio was the Bateau-Lavoir in Montmartre ?,what,what artist,WDT,NN,VBD,HUM
What is the name of the planet that the Ewoks live on ?,that,what is that the,WDT,DT,VBZ,LOC
How many words are there in the Spanish language ?,how,how many,WRB,JJ,VBP,NUM
Where is there information on the novel `` El Cid '' ?,where,where is,WRB,VBZ,VBZ,LOC
What is the chemical formula for napalm ?,what,what is,WP,VBZ,VBZ,ENTY
What is yohimbine ?,what,what is,WP,VBZ,VBZ,DESC
What is `` Chicago Hope '' ?,what,what is,WP,VBZ,VBZ,DESC
How many members of a family could be drafted in the U.S. military during World War II ?,how,how many,WRB,JJ,VBN,NUM
"Who wrote the song , `` Silent Night '' ?",who,who wrote,WP,VBD,VBD,HUM
What company is the largest Japanese ship builder ?,what,what company,WDT,NN,VBZ,HUM
What does the `` blue ribbon '' stand for ?,what,what does,WP,VBZ,NN,ABBR
What is the average date when most malls begin putting up Christmas holiday decorations ?,when,what is when most,WRB,JJS,VBZ,NUM
How many characters are in the Chinese alphabet ?,how,how many,WRB,JJ,VBP,NUM
Where is Burma ?,where,where is,WRB,VBZ,VBZ,LOC
Who wrote The Collector ?,who,who wrote,WP,VBD,VBD,HUM
Which major diamond producer is based in South Africa ?,which,which major,WDT,JJ,VBN,HUM
Who was Samuel Johnsons 's friend and biographer ?,who,who was,WP,VBD,VBD,HUM
What kind of women gave Sigmund Freud erotic dreams ?,what,what kind,WDT,NN,VBD,HUM
What are the Cleveland Indians also called ?,what,what are,WP,VBP,VBD,ENTY
What commodity 's shortage was the largest single factor in keeping North American cars off the roads during World War II ?,what,what commodity,WP,NN,VBD,ENTY
How many hummingbird eggs could fit in one ostrich egg ?,how,how many,WRB,JJ,VB,NUM
"Who wrote the bestselling Missionary Travels and Researches in South Africa , published in 1857 ?",who,who wrote,WP,VBD,VBD,HUM
Who played the father on `` Charles in Charge '' ?,who,who played,WP,VBD,VBD,HUM
What is the gestation period for human pregnancies ?,what,what is,WP,VBZ,VBZ,NUM
Where did the name Daniel originate ?,where,where did,WRB,VBD,VBD,LOC
What are common methods used to regulate monopolies ?,what,what are,WP,VBP,VBP,ENTY
What category does the color pink denote in the Trivial Pursuit Baby Boomer Edition ?,what,what category,WDT,NN,VBZ,DESC
How long does the average domesticated ferret live ?,how,how long,WRB,RB,RB,NUM
Name the Islamic counterpart to the Red Cross .,,,,,VB,ENTY
What are the historical trials following World War II called ?,what,what are,WP,VBP,VBP,ENTY
What states do not have state income tax ?,what,what states,WDT,NNS,VB,LOC
What city has the two steepest streets in the U.S. ?,what,what city,WDT,NN,VBZ,LOC
What is Margaret Thatcher known for ?,what,what is,WP,VBZ,VBZ,DESC
Name the country of giants twelve times the size of man in `` Gulliver 's Travels . '',,,,,VB,LOC
What 's men 's par on a 455-yard golf hole ?,what,what 's,WP,VBZ,VBZ,NUM
What four elements make up 90 percent of the human body ?,what,what four,WP,CD,VBP,ENTY
How many countries are there ?,how,how many,WRB,JJ,VBP,NUM
Where does most of the marijuana entering the United States come from ?,where,where does,WRB,VBZ,VBP,LOC
Stuart Hamblen is considered to be the first singing cowboy of which medium ?,which,which medium,WDT,NN,VBN,ENTY
What is Steve Rogers 's profession when he 's not Captain America ?,when,what is when he,WRB,PRP,VBZ,HUM
What is the most common cancer ?,what,what is,WP,VBZ,VBZ,ENTY
Who are the top 10 richest people in the world ?,who,who are,WP,VBP,VBP,HUM
How do I contact Answers.com direct ?,how,how do,WRB,VBP,VB,DESC
What causes a person to have constantly sweaty hands and feet ?,what,what causes,WP,VBZ,JJ,DESC
What happened to Answers.com ?,what,what happened,WP,VBD,VBD,DESC
What is the spectrum of a sine wave ?,what,what is,WP,VBZ,VBZ,DESC
What ethnic group introduced the idea of potlatch ?,what,what ethnic,WDT,JJ,VBD,HUM
What is a person 's socioeconomic position ?,what,what is,WP,VBZ,VBZ,DESC
What do you say to a friend who ignores you for other friends ?,who,what do who ignores,WP,VBZ,VB,DESC
How many yards are in 1 mile ?,how,how many,WRB,JJ,VBP,NUM
What actor was the first man to appear on the cover of McCall 's ?,what,what actor,WDT,NN,VBD,HUM
"What does R.E.M. stand for , as in the rock group R.E.M. ?",what,what does,WP,VBZ,VB,ABBR
What Cruise Line does Kathie Lee Gifford advertise for ?,what,what cruise,WP,NN,VBP,HUM
What does the name Jenna mean ?,what,what does,WP,VBZ,VB,DESC
Why do girls have to wear training bras ?,why,why do,WRB,VBP,VB,DESC
When was the first successful heart transplant for a human ?,when,when was,WRB,VBD,VBD,NUM
How did Edith Bunker die ?,how,how did,WRB,VBD,VB,DESC
"What country boasts Cawdor Castle , Glamis Castle , and Blair Castle ?",what,what country,WP,NN,VBZ,LOC
Define Spumante .,,,,,NNP,DESC
What does pH stand for ?,what,what does,WP,VBZ,VB,ABBR
What country is Mount Everest in ?,what,what country,WDT,NN,VBZ,LOC
Which country is the largest country in Latin America ?,which,which country,WDT,NN,VBZ,LOC
Name the Four Horsemen of the Apocalypse .,,,,,VB,HUM
What are geckos ?,what,what are,WP,VBP,NN,DESC
What is the name of a book written by Aaron Hass ?,what,what is,WP,VBZ,VBZ,ENTY
What is cosmology ?,what,what is,WP,VBZ,VBZ,DESC
How many watts make a kilowatt ?,how,how many,WRB,JJ,VBP,NUM
What TV series features the adventures of a married couple named Jonathan and Jennifer ?,what,what tv,WP,NN,VBZ,ENTY
What female faith healer wrote the inspirational book I Believe in Miracles ?,what,what female,WDT,JJ,VBD,HUM
Who was Jinnah ?,who,who was,WP,VBD,VBD,HUM
What did Esquire name Ash Hole of the Year for 1980 ?,what,what did,WP,VBD,VBD,ENTY
Where did King Francis I hang the `` Mona Lisa '' when he owned it ?,when,where did when he,WRB,PRP,VBP,LOC
What 's been the ruin of many a poor boy in New Orleans ?,what,what 's,WP,VBZ,VBN,ENTY
What is habeas corpus ?,what,what is,WP,VBZ,VBZ,DESC
How do you use an intranet ?,how,how do,WRB,VBP,VB,DESC
What famous husband-and-wife team did radio ads for Blue Nun wine ?,what,what famous,WDT,JJ,VBD,HUM
How many times has Harold Stassen announced a drive for the White House ?,how,how many,WRB,JJ,VBD,NUM
What are bottle caps with presidents ' pictures inside worth ?,what,what are,WP,VBP,VBP,NUM
Where can I find the history of the Hungarian language ?,where,where can,WRB,MD,VB,LOC
"Why do USA fax machines not work in UK , NNP ?",why,why do,WRB,VBP,VBP,DESC
What cigarette is `` a whole new world '' ?,what,what cigarette,WP,NN,VBZ,ENTY
Who tramped through Florida looking for the Fountain of Youth ?,who,who tramped,WP,VBD,VBD,HUM
"In 1990 , what day of the week did Christmas fall on ?",what,what day,WDT,NN,VB,NUM
What is the name of the song that Dracula plays on the organ ?,that,what is that dracula,WDT,NNP,VBZ,ENTY
What two animals are specifically mentioned as being in Noah 's Ark ?,what,what two,WP,CD,VBN,ENTY
What is federal income tax ?,what,what is,WP,VBZ,VBZ,DESC
What was the name of the Confederate mounted guerrilla group with which Jesse James and Coleman Younger had ridden ?,which,what was which jesse,WDT,NNP,VBD,HUM
"What disease plagued Europe , Africa and Asia ?",what,what disease,WDT,NN,VBD,ENTY
What card game can feature dealer 's choice ?,what,what card,WDT,NN,VB,ENTY
How many American soldiers are stationed in South Korea ?,how,how many,WRB,JJ,VBN,NUM
What is a fear of failure ?,what,what is,WP,VBZ,VBZ,ENTY
How many feet more than 2 is the average height of the Great Wall of China ?,how,how many,WRB,JJ,VBZ,NUM
What was the verdict in the 1925 trial of John T. Scopes ?,what,what was,WP,VBD,VBD,DESC
What is the best way to travel in Japan ?,what,what is,WP,VBZ,VBZ,ENTY
How long ago did the Anglican church part from the Vatican ?,how,how long,WRB,RB,VBD,NUM
How much did Lucy Van Pelt originally charge for psychiatric sessions ?,how,how much,WRB,JJ,VBP,NUM
Who followed up his first two underwater thrillers with The Girl of the Sea of Cortez ?,who,who followed,WP,VBD,VBD,HUM
When was the Parthenon built ?,when,when was,WRB,VBD,VBD,NUM
What 1895 H.G. Wells novel was written under the title The Chronic Argonauts ?,what,what 1895,WP,CD,VBN,ENTY
What is a common dolphin ?,what,what is,WP,VBZ,VBZ,DESC
How is Answers.com funded ?,how,how is,WRB,VBZ,VBN,DESC
How long does a pig 's orgasm last ?,how,how long,WRB,RB,VBZ,NUM
What U.S. state comes last in an alphabetical list ?,what,what u.s.,WP,NNP,VBZ,LOC
How many mountains have been named for Presidents in the continental USA ?,how,how many,WRB,JJ,VBN,NUM
What are the unemployment statistics for the years 1965 and 1990 ?,what,what are,WP,VBP,VBP,NUM
What does BUD stand for ?,what,what does,WP,VBZ,VB,ABBR
Who is the one Independent Member of Congress ?,who,who is,WP,VBZ,VBZ,HUM
What is a society ruled by elders ?,what,what is,WP,VBZ,VBZ,HUM
What two presidents of the U.S. published books of poetry ?,what,what two,WP,CD,VBD,HUM
Which of the Seven Dwarfs comes first alphabetically ?,which,which of,WDT,IN,VBZ,HUM
What professional cricketer 's son wrote The War of the Worlds in 1898 ?,what,what professional,WDT,JJ,VBD,HUM
What condiment do the Dutch dip their French fries in ?,what,what condiment,WDT,NN,NN,ENTY
Which comic strip was never turned into a Broadway musical ?,which,which comic,WDT,JJ,VBN,ENTY
In what war was the first submarine used ?,what,what war,WDT,NN,VBD,ENTY
CPR is the abbreviation for what ?,what,what ?,WP,.,VBZ,ABBR
How many inches apart are adjacent pins in tenpin bowling ?,how,how many,WRB,JJ,VBP,NUM
How many miles of corridors are in The Pentagon ?,how,how many,WRB,JJ,VBP,NUM
How do you find the area of a circle ?,how,how do,WRB,VBP,VB,DESC
What U.S. state includes the San Juan Islands ?,what,what u.s.,WP,NNP,VBZ,LOC
"What English playwright penned : `` Where the bee sucks , so shall I '' ?",where,what english where the,WRB,DT,VBD,HUM
What do the red-and-white stripes on a barbershop pole stand for ?,what,what do,WP,VBP,NN,DESC
Name the ship Beany and Cecil sailed .,,,,,VBD,ENTY
How deep is a fathom ?,how,how deep,WRB,JJ,VBZ,NUM
What was the `` Dead Man 's Hand '' ?,what,what was,WP,VBD,VBD,DESC
What was Fred Astaire 's dancing partner 's name ?,what,what was,WP,VBD,VBD,HUM
How do I find a web address for a company ?,how,how do,WRB,VBP,VB,DESC
What is the highest number of home runs on record for any one game ?,what,what is,WP,VBZ,VBZ,NUM
What are some of Australia 's native flora ?,what,what are,WP,VBP,VBP,ENTY
What heavyweight boxer was known as The Wild Bull of the Pampas ?,what,what heavyweight,WDT,JJ,VBN,HUM
How many quarts of whole milk is needed to make one pound of butter ?,how,how many,WRB,JJ,VBN,NUM
What London street claims to be the world center for men 's tailoring ?,what,what london,WP,NNP,VBZ,LOC
How old is the universe ?,how,how old,WRB,JJ,VBZ,NUM
When does the Bible say the seasons started ?,when,when does,WRB,VBZ,VB,NUM
What animal has been called The Poor Man 's Cow ?,what,what animal,WDT,NN,VBN,ENTY
Where did the marriage ceremony come from ?,where,where did,WRB,VBD,VB,DESC
What bordering country is due north of Costa Rica ?,what,what bordering,WP,VBG,VBZ,LOC
What Morris West novel deals with Russian bishop who becomes Pope ?,who,what morris who becomes,WP,VBZ,NNS,ENTY
What nation boarders Mozambique ?,what,what nation,WDT,NN,NNP,LOC
What does EKG stand for ?,what,what does,WP,VBZ,VB,ABBR
The Olympic Games in which year allowed Nadia Comaneci to become popular ?,which,which year,WDT,NN,NNPS,NUM
What TV talk-show host lends his name to a line of men 's clothing ?,what,what tv,WP,NN,VBZ,HUM
What soft drink held a national flavor poll in 1967 ?,what,what soft,WDT,JJ,VBD,ENTY
Colin Powell is famous for what ?,what,what ?,WP,.,VBZ,DESC
The Jewish alphabet is known as what ?,what,what ?,WP,.,VBN,ENTY
What is a fear of home surroundings ?,what,what is,WP,VBZ,VBZ,ENTY
How many people die of tuberculosis yearly ?,how,how many,WRB,JJ,VBP,NUM
What is a specimen of basidiomycetes ?,what,what is,WP,VBZ,VBZ,DESC
Who invented the electric guitar ?,who,who invented,WP,VBD,VBD,HUM
What is the capital of California ?,what,what is,WP,VBZ,VBZ,LOC
What country comes last in an alphabetical list ?,what,what country,WDT,NN,VBZ,LOC
What are faults in the earth 's crust ?,what,what are,WP,VBP,VBP,DESC
What was an `` Asiento '' ?,what,what was,WP,VBD,VBD,DESC
What kind of greeting is appropriate to send on Yom Kippur ?,what,what kind,WDT,NN,VBZ,DESC
How hot should the oven be when baking Peachy Oat Muffins ?,when,how hot when baking,WRB,VBG,VB,NUM
What is dextropropoxyphen napsylate ?,what,what is,WP,VBZ,VBZ,DESC
What Don McLean song laments the day Buddy Holly died ?,what,what don,WP,NNP,VBZ,ENTY
What is Srpska Krajina ?,what,what is,WP,VBZ,VBZ,DESC
How was the Kennedy money made ?,how,how was,WRB,VBD,VBN,DESC
What country is the worlds leading supplier of cannabis ?,what,what country,WDT,NN,VBZ,LOC
What was the orca 's name that died of a fungal infection at Sea World ?,that,what was that died,WDT,VBD,VBD,ENTY
Who is the President of Pergament ?,who,who is,WP,VBZ,VBZ,HUM
What city is the Kentucky Horse Park near ?,what,what city,WDT,NN,VBZ,LOC
What does Esa-Pekka Salonen look like ?,what,what does,WP,VBZ,VB,DESC
"What cereal goes `` snap , crackle , pop '' ?",what,what cereal,WDT,NN,VBZ,ENTY
How did water appear on the earth ?,how,how did,WRB,VBD,VB,DESC
Where did Hillary Clinton graduate college ?,where,where did,WRB,VBD,NN,LOC
What does Robert mean ?,what,what does,WP,VBZ,VB,DESC
How do anti-locking brakes work ?,how,how do,WRB,VBP,VBP,DESC
What colors is magenta made of ?,what,what colors,WP,NNS,VBN,ENTY
How does the chain of command work inside an US army Apache helicopter ?,how,how does,WRB,VBZ,VBZ,DESC
Which medium is Hamblen the first singing cowboy in ?,which,which medium,WDT,NN,VBZ,ENTY
What is the name of Jamiroquai new album ?,what,what is,WP,VBZ,VBZ,ENTY
What is a hormone ?,what,what is,WP,VBZ,VBZ,DESC
What American naval officer broke Japan 's isolationist policy in 1853 ?,what,what american,WDT,JJ,VBD,HUM
What is fellatio ?,what,what is,WP,VBZ,VBZ,DESC
What characteristics contribute to its `` intelligence '' ?,what,what characteristics,WDT,NNS,VBP,DESC
What significant battle was fought in Belgium in 1815 ?,what,what significant,WP,JJ,VBN,ENTY
Which police department made the all-time biggest cocaine bust in Ventura County ?,which,which police,WDT,NN,VBD,HUM
Who gave us the `` Rolling Writer '' ?,who,who gave,WP,VBD,VBD,HUM
How were the days of the week named ?,how,how were,WRB,VBD,VBD,DESC
Who wrote The Secret Life of Walter Mitty ?,who,who wrote,WP,VBD,VBD,HUM
What 1965 film had Jack Lemmon portraying a cartoonist ?,what,what 1965,WP,CD,VBD,ENTY
What is fiber in food ?,what,what is,WP,VBZ,VBZ,DESC
What 's the traditional drink at the Kentucky Derby ?,what,what 's,WP,VBZ,VBZ,ENTY
Who is the head of the World Bank ?,who,who is,WP,VBZ,VBZ,HUM
"Why do some jets have a vapor trail , and others do not ?",why,why do,WRB,VBP,VBP,DESC
What is a fear of childbirth ?,what,what is,WP,VBZ,VBZ,ENTY
How many people does Honda employ in the U.S. ?,how,how many,WRB,JJ,NN,NUM
What species was Winnie the Pooh ?,what,what species,WDT,NN,VBD,ENTY
How much calcium should an adult female have daily ?,how,how much,WRB,JJ,VBP,NUM
What is the most popular last name ?,what,what is,WP,VBZ,VBZ,HUM
What does an ashen-faced eidologist search out the existence of ?,what,what does,WP,VBZ,VBZ,ENTY
Who moderated the first Kennedy-Nixon TV debate ?,who,who moderated,WP,VBD,VBD,HUM
Who portrayed George M. Cohan in 1942 's Yankee Doodle Dandy ?,who,who portrayed,WP,VBD,VBD,HUM
What is the S&P 500 used for ?,what,what is,WP,VBZ,VBZ,DESC
What does `` Philebus-like '' mean ?,what,what does,WP,VBZ,VB,DESC
When was Nostradamus born ?,when,when was,WRB,VBD,VBN,NUM
What are the ingredients of Coca-Cola ?,what,what are,WP,VBP,VBP,ENTY
Who 's the only U.S. president to have won a Pulitzer Prize ?,who,who 's,WP,VBZ,VBZ,HUM
What is nuclear proliferation ?,what,what is,WP,VBZ,VBZ,DESC
Who was Maria Theresa ?,who,who was,WP,VBD,VBD,HUM
What is the country of origin for the name Thomas ?,what,what is,WP,VBZ,VBZ,LOC
Why do you say `` God bless you '' when people sneeze ?,when,why do when people,WRB,NNS,VB,DESC
What is the population of the largest Chilean city,what,what is,WP,VBZ,VBZ,NUM
What country has the highest per capita consumption of cheese ?,what,what country,WDT,NN,VBZ,LOC
What is Larry King 's occupation ?,what,what is,WP,VBZ,VBZ,HUM
Who invented `` The Muppets '' ?,who,who invented,WP,VBD,VBD,HUM
"Why does a wheel , e.g. a car tire , appear to spin in the opposite direction as it slows down ?",why,why does,WRB,VBZ,VB,DESC
What sea is Bombay on ?,what,what sea,WDT,NN,VBZ,LOC
Who are cartoondom 's Super Six ?,who,who are,WP,VBP,VBP,HUM
What does `` E Pluribus Unum '' on the penny mean ?,what,what does,WP,VBZ,NNP,DESC
What 's the difference between TFT and dual-scan display ?,what,what 's,WP,VBZ,VBZ,DESC
What fool is not so wise To lose an oath to win a paradise ?,what,what fool,WDT,NN,VBZ,HUM
What is the English meaning of caliente ?,what,what is,WP,VBZ,VBZ,DESC
Where in the Americas is it only 47 miles from the Atlantic to the Pacific ?,where,where in,WRB,IN,VBZ,LOC
What does the word `` opera '' mean ?,what,what does,WP,VBZ,VB,DESC
How tall was the animated Frankenstein,how,how tall,WRB,JJ,VBD,NUM
How do you ask questions ?,how,how do,WRB,VBP,VB,DESC
What U.S. city is known as The Rubber Capital of the World ?,what,what u.s.,WP,NNP,VBN,LOC
What countries have the highest ratio of university students ?,what,what countries,WDT,NNS,VBP,LOC
How can you become an FBI agent ?,how,how can,WRB,MD,VB,DESC
What is the world 's best selling cookie ?,what,what is,WP,VBZ,VBZ,ENTY
How many miles is it from NY to Austria ?,how,how many,WRB,JJ,VBZ,NUM
Where did the energy for the Big Bang come from ?,where,where did,WRB,VBD,VB,DESC
How big is the universe actually ?,how,how big,WRB,JJ,VBZ,NUM
What is the difference between the Koran and The Bible ?,what,what is,WP,VBZ,VBZ,DESC
What monarch signed the Magna Carta ?,what,what monarch,WDT,NN,VBD,HUM
What 's the U.S. Navy hymn ?,what,what 's,WP,VBZ,VBZ,ENTY
How many sides does a heptagon have ?,how,how many,WRB,JJ,VB,NUM
What Grand Slam golf tournament wasn 't held between 1940 and 1945 ?,what,what grand,WP,NNP,RB,ENTY
What is idealab ! ?,what,what is,WP,VBZ,VBZ,DESC
Where are there aborigines ?,where,where are,WRB,VBP,VBP,LOC
What toy can you make sleep ?,what,what toy,WDT,NN,VB,ENTY
What caused the division between the Anglicans and the Vatican ?,what,what caused,WP,VBD,VBD,DESC
What corporation does Madonna advertise for ?,what,what corporation,WDT,NN,VB,HUM
On what river is Rome built ?,what,what river,WDT,NN,VBN,LOC
"Where on the Web is Adventours Tours from Sydney , Australia ?",where,where on,WRB,IN,VBZ,LOC
Where were the 1936 Summer Olympics held ?,where,where were,WRB,VBD,VBD,LOC
What cathedral was Thomas Becket murdered in ?,what,what cathedral,WDT,NN,VBD,LOC
Why was Curious George curious ?,why,why was,WRB,VBD,VBD,DESC
How did U.S.A become involved in the Barbary Wars,how,how did,WRB,VBD,VB,DESC
The Kentucky Horse Park is close to which American city ?,which,which american,WDT,JJ,VBZ,LOC
What store does Martha Stewart advertise for ?,what,what store,WDT,NN,VB,HUM
What do you know about multicultural and multilingual schools ?,what,what do,WP,VBP,VB,DESC
What is the origin of U.S. Army sergeant 's stripes ?,what,what is,WP,VBZ,VBZ,DESC
How old was Sir Edmund Hillary when he climbed Mt. Everest ?,when,how old when he,WRB,PRP,VBD,NUM
Where in a tree does photosynthesis occur ?,where,where in,WRB,IN,VB,LOC
What are some science fair projects for 8th graders ?,what,what are,WP,VBP,VBP,ENTY
What strait links the Mediterranean Sea and the Atlantic Ocean ?,what,what strait,WDT,NN,VBZ,LOC
What airport is on the Piccadilly subway line ?,what,what airport,WP,NN,VBZ,LOC
Which police department made the largest cocaine seizure ever in Ventura County ?,which,which police,WDT,NN,VBD,HUM
What color is the eight-ball in pocket billiards ?,what,what color,WDT,NN,VBZ,ENTY
What was the first ready-to-eat breakfast cereal ?,what,what was,WP,VBD,VBD,ENTY
What did Benny Carter play ?,what,what did,WP,VBD,NN,ENTY
What seven digits follow the area code in the number for long distance information ?,what,what seven,WP,CD,VBP,NUM
What city 's airport is named Logan International ?,what,what city,WDT,NN,VBN,LOC
What Pope inaugurated Vatican International Radio ?,what,what pope,WP,NNP,VBD,HUM
How many times more than 3,how,how many,WRB,JJ,NNS,NUM
How many names are there for Eskimo people ?,how,how many,WRB,JJ,VBP,NUM
"What king is satirized in the line : `` The King was in the countinghouse , counting all his money '' ?",what,what king,WDT,NN,VBN,HUM
What shape-shifting menace did Rom come to Earth to fight ?,what,what shape,WDT,NN,VB,ENTY
What is the nickname of Pennsylvania ?,what,what is,WP,VBZ,VBZ,LOC
What causes headaches ?,what,what causes,WP,VBZ,VBZ,DESC
Names of books by James A. Michener set in the following locations ?,,,,,NNS,ENTY
When was the first stained glass window made ?,when,when was,WRB,VBD,VBD,NUM
What company 's trademark was His Master 's Voice ?,what,what company,WDT,NN,VBD,HUM
What Pope inaugurated Vatican International Radio ?,what,what pope,WP,NNP,VBD,HUM
What director made one silent and one sound version of The Ten Commandments ?,what,what director,WDT,NN,VBD,HUM
When did swimming become commonplace ?,when,when did,WRB,VBD,VB,NUM
Which presidents of the USA were Masons ?,which,which presidents,WDT,NNS,VBD,HUM
Who was the tallest U.S. president ?,who,who was,WP,VBD,VBD,HUM
What is the largest museum in the world ?,what,what is,WP,VBZ,VBZ,LOC
How can I enforce new rules to a group of youngsters who have been allowed to do as they please .,who,how can who have,WP,VBP,VB,DESC
What character in The Beverly Hillbillies has the given names Daisy Moses ?,what,what character,WDT,NN,VBZ,HUM
What comedienne calls her sister-in-law Captain Bligh and her mother-in-law Moby Dick ?,what,what comedienne,WDT,NN,VBZ,HUM
How many gallons of paint does it take to paint the Golden Gate Bridge ?,how,how many,WRB,JJ,VB,NUM
What president also became a supreme court justice ?,what,what president,WDT,NN,VBD,HUM
When does menstruation begin ?,when,when does,WRB,VBZ,VB,NUM
Where did makeup originate ?,where,where did,WRB,VBD,RB,LOC
What is the only modern language that capitalizes its singular first-person pronoun ?,that,what is that capitalizes,WDT,VBZ,VBZ,ENTY
"What is the claim to fame of Agra , India ?",what,what is,WP,VBZ,VBZ,DESC
What flag flies over Wake Island ?,what,what flag,WDT,NN,VBZ,ENTY
How deep is a fathom ?,how,how deep,WRB,JJ,VBZ,NUM
What Kennedy was married to Ethel ?,what,what kennedy,WP,NNP,VBD,ENTY
What U.S. state is Mammoth Cave National Park in ?,what,what u.s.,WP,NNP,VBZ,LOC
What is the most famous German word in the English language ?,what,what is,WP,VBZ,VBZ,ENTY
Who was actress June Havoc 's legendary sister ?,who,who was,WP,VBD,VBD,HUM
What is widely used to detect birth defects ?,what,what is,WP,VBZ,VBN,ENTY
What is the chromosome number of an elephant ?,what,what is,WP,VBZ,VBZ,NUM
Who killed JFK ?,who,who killed,WP,VBD,VBD,HUM
Who was the star witness at the Senate Watergate hearings ?,who,who was,WP,VBD,VBD,HUM
What is the Order of the Arrow in Boy Scouts ?,what,what is,WP,VBZ,VBZ,DESC
In what country is a stuck-out tongue a friendly greeting ?,what,what country,WP,NN,VBZ,LOC
What are the five basic swimming strokes ?,what,what are,WP,VBP,VBP,ENTY
Who is the son-in-law of Sen. Everett Dirkson who was also a senator in the '70 's ?,who,who is who was,WP,VBD,VBZ,HUM
Where is Erykah Badu originally from ?,where,where is,WRB,VBZ,VBZ,LOC
Where can I buy a pony on the Big Island for my daughter ?,where,where can,WRB,MD,VB,LOC
How old was George Washington when he died ?,when,how old when he,WRB,PRP,VBD,NUM
What is the recipe or formula for Coca-Cola ?,what,what is,WP,VBZ,VBZ,ENTY
Who made the rotary engine automobile ?,who,who made,WP,VBD,VBD,HUM
"What is the origin of the term `` blue moon , '' and how often do they occur ?",how,what is how often,WRB,RB,VBZ,DESC
How many blacks served in the Vietnam War,how,how many,WRB,JJ,VBD,NUM
What were the last names of gangsters Bonnie and Clyde ?,what,what were,WP,VBD,VBD,HUM
What is the address of the famous Mexican star `` Thalia '' ?,what,what is,WP,VBZ,VBZ,LOC
What does a man suffering from diphallic terata have ?,what,what does,WP,VBZ,VBP,ENTY
Who invented panties ?,who,who invented,WP,VBD,VBD,HUM
What is Pittsburgh 's baseball team called ?,what,what is,WP,VBZ,VBZ,HUM
"What is p.m. an abbreviation for , as in 5 p.m. ?",what,what is,WP,VBZ,VBZ,ABBR
What sport can a free-legged pacer compete in ?,what,what sport,WDT,NN,VB,ENTY
What does CPR stand for ?,what,what does,WP,VBZ,VB,ABBR
What President had never held an elected office until he was elected to the White House ?,what,what president,WP,NNP,VBN,HUM
What are the diseases that can be cured by black cumin ?,that,what are that can,WDT,MD,VBP,ENTY
What fruit does the ficus produce ?,what,what fruit,WDT,NN,VB,ENTY
Who is the richest person in the world ?,who,who is,WP,VBZ,VBZ,HUM
What is an aurora ?,what,what is,WP,VBZ,VBZ,DESC
How much time does the blinking of an eye take ?,how,how much,WRB,JJ,VBZ,NUM
What made the short-lived Star Hawks strip so unique ?,what,what made,WP,VBD,VBD,DESC
What 's the biggest-selling U.S. magazine aimed at a black audience ?,what,what 's,WP,VBZ,VBZ,ENTY
How deep is a fathom ?,how,how deep,WRB,JJ,VBZ,NUM
What is the primary language of the Philippines ?,what,what is,WP,VBZ,VBZ,ENTY
When did the use of `` the syringe '' first appear in medicinal history ?,when,when did,WRB,VBD,VBD,NUM
What was the Long March in China ?,what,what was,WP,VBD,VBD,DESC
What international organization was founded by Clara Barton ?,what,what international,WDT,JJ,VBN,HUM
What corporation does Madonna advertise for ?,what,what corporation,WDT,NN,VB,HUM
What is the Islamic equivalent of the Red Cross ?,what,what is,WP,VBZ,VBZ,ENTY
How many people visit the Pope each month ?,how,how many,WRB,JJ,VBP,NUM
What planet gave bith to Superman ?,what,what planet,WDT,NN,VBD,LOC
What month of the year is there no television in Iceland ?,what,what month,WDT,NN,VBZ,NUM
What George Harrison tune sounded too much like He 's So Fine by The Chiffons ?,what,what george,WP,NNP,VBD,ENTY
Who is buried in the great pyramid of Giza ?,who,who is,WP,VBZ,VBN,HUM
"What is the most important nation in the world , historically ?",what,what is,WP,VBZ,VBZ,LOC
What is the current unemployment rate in the U.S. ?,what,what is,WP,VBZ,VBZ,NUM
When was the first railroad from the east coast to the west coast completed ?,when,when was,WRB,VBD,VBN,NUM
How fast can a Corvette go ?,how,how fast,WRB,RB,VB,NUM
What do a diamond and lump of coal have in common ?,what,what do,WP,VBP,VBP,DESC
What famous actress made her first appearance on stage at the age of five in the year 191 as `` Baby '' ?,what,what famous,WDT,JJ,VBD,HUM
What effect does LSD have on the brain ?,what,what effect,WDT,NN,VB,DESC
What are the three most successful companies of our time ?,what,what are,WP,VBP,VBP,HUM
How much did a McDonald 's hamburger cost in 1963 ?,how,how much,WRB,JJ,VBD,NUM
What is the name of the company that manufactures the `` American Girl '' doll collection ?,that,what is that manufactures,WDT,VBZ,VBZ,HUM
What is a horologist ?,what,what is,WP,VBZ,VBZ,DESC
What was the effect of the Yalta Conference ?,what,what was,WP,VBD,VBD,DESC
Where is the group M People from ?,where,where is,WRB,VBZ,VBZ,LOC
What country is famous for Persian rugs ?,what,what country,WP,NN,VBZ,LOC
How many were in attendance at the Last Supper ?,how,how many,WRB,JJ,VBD,NUM
How long should you feed your puppy Purina Puppy Chow ?,how,how long,WRB,RB,VB,NUM
What do the figures represent on the Easter Island ?,what,what do,WP,VBP,VB,DESC
"What magazine paid $5 , 000 for an eight-millimeter film of John F. Kennedy 's assassination ?",what,what magazine,WDT,NN,VBD,ENTY
What is the name given to the Islamic counterpart of the Red Cross ?,what,what is,WP,VBZ,VBZ,ENTY
How does a submarine operate ?,how,how does,WRB,VBZ,VB,DESC
What city is graced by the Arch of Titus ?,what,what city,WDT,NN,VBN,LOC
What is Michael Jackson 's father 's name ?,what,what is,WP,VBZ,VBZ,HUM
Who was the girl in Peter Sellers 's soup ?,who,who was,WP,VBD,VBD,HUM
What creative genius said : `` Everything comes to him who hustles while he waits '' ?,who,what creative who hustles,WP,VBZ,VBD,HUM
How is Paraguay for vacations ?,how,how is,WRB,VBZ,VBZ,DESC
Where is the world 's most active volcano located ?,where,where is,WRB,VBZ,VBZ,LOC
What is the acronym for the rating system for air conditioner efficiency ?,what,what is,WP,VBZ,VBZ,ABBR
What country is bounded in part by the Indian Ocean and Coral and Tasman seas ?,what,what country,WDT,NN,VBN,LOC
How many people did Randy Steven Craft murder ?,how,how many,WRB,JJ,VBD,NUM
What do you call a section of your finger from one joint to another ?,what,what do,WP,VBP,VB,ENTY
"What happened on January 15 , 1969 ?",what,what happened,WP,VBD,VBD,ENTY
What Muhammad Ali maneuver was George Foreman the first victim of ?,what,what muhammad,WP,NNP,VBD,ENTY
What is DSL ?,what,what is,WP,VBZ,VBZ,ABBR
How many small businesses are there in the United States ?,how,how many,WRB,JJ,VBP,NUM
Who was Ben Casey 's boss ?,who,who was,WP,VBD,VBD,HUM
What multitalented Academy-award-winning director failed a college course in motion-picture production ?,what,what multitalented,WP,VBD,VBD,HUM
Where is Ayer 's rock ?,where,where is,WRB,VBZ,VBZ,LOC
What 's a Craps player called ?,what,what 's,WP,VBZ,VBZ,ENTY
When was the Berlin Wall erected ?,when,when was,WRB,VBD,VBD,NUM
When was cigarette advertising banned on television and radio ?,when,when was,WRB,VBD,VBD,NUM
What is the name of the game that Garry Kasparov plays ?,that,what is that garry,WDT,NNP,VBZ,ENTY
What Caribbean cult did Marcus Garvey originate ?,what,what caribbean,WP,JJ,VBD,ENTY
What is the most widely cultivated plant ?,what,what is,WP,VBZ,VBZ,ENTY
What wild and crazy guy wrote a book called Cruel Shoes ?,what,what wild,WDT,JJ,VBD,HUM
What city 's theatrical district has been dubbed The Roaring Forties ?,what,what city,WDT,NN,VBN,LOC
What should the temperature be set at while baking Peachy Oat Muffins ?,what,what should,WP,MD,VBN,NUM
What police force did Mack Sennett create ?,what,what police,WDT,NN,VB,HUM
How many home runs did Babe Ruth hit in his lifetime ?,how,how many,WRB,JJ,VBD,NUM
"Who was in Death of a Salesman original movie , not 1985 ?",who,who was,WP,VBD,VBD,HUM
How do I get a complete list of all the people that are living with the last name Kilvington ?,that,how do that are,WDT,VBP,VB,DESC
What is Dr. Ruth 's last name ?,what,what is,WP,VBZ,VBZ,HUM
What 's the world 's most common compound ?,what,what 's,WP,VBZ,VBZ,ENTY
Where was George Washington born ?,where,where was,WRB,VBD,VBN,LOC
How many colors are there in the spectrum ?,how,how many,WRB,JJ,VBP,NUM
What 's the middle name of movie producer Joseph E. Levine ?,what,what 's,WP,VBZ,VBZ,HUM
Define Sinn Fein .,,,,,NNP,DESC
What two Caribbean countries share the island of Hispaniola ?,what,what two,WP,CD,VBP,LOC
What is in baby powder and baby lotion that makes it smell the way it does ?,that,what is that makes,WDT,VBZ,VBZ,DESC
What is probability theory ?,what,what is,WP,VBZ,VBZ,DESC
Who told all in Ball Four ?,who,who told,WP,VBD,VBD,HUM
What kind of car did Janis Joplin ask the Lord to buy her ?,what,what kind,WDT,NN,VB,ENTY
Who followed Willy Brandt as chancellor of the Federal Republic of Germany ?,who,who followed,WP,VBD,VBD,HUM
What continent 's second-highest peak is Mont Blanc ?,what,what continent,WDT,NN,VBZ,LOC
What Peruvian city is home to the mummified body of Francisco Pizarro ?,what,what peruvian,WDT,JJ,VBZ,LOC
When did French revolutionaries storm the Bastille ?,when,when did,WRB,VBD,VB,NUM
How can I look up someone 's E-mail address on the Internet ?,how,how can,WRB,MD,VB,DESC
How many men died building the Mackinaw Bridge ?,how,how many,WRB,JJ,VBD,NUM
How do you tell somebody you like them ?,how,how do,WRB,VBP,VB,DESC
What name does the world know Renaissance artist Kyriakos Theotokopoulos by ?,what,what name,WDT,NN,VB,HUM
Who is the president of Bolivia ?,who,who is,WP,VBZ,VBZ,HUM
What nationality is Gorbachev ?,what,what nationality,WDT,NN,VBZ,LOC
Who played the title role in The Romantic Englishwoman ?,who,who played,WP,VBD,VBD,HUM
What President once told Gene Autry : `` Please give my regards to your wife Dale '' ?,what,what president,WP,NNP,VBD,HUM
Who made the deodorant that claimed that it `` actually builds up resistance to odor '' ?,that,who made that claimed,WDT,VBD,VBD,HUM
What is the shape of a football as stated in the NFL rulebook ?,what,what is,WP,VBZ,VBZ,ENTY
What is the origin of thank you notes ?,what,what is,WP,VBZ,NNS,DESC
Who used AuH2O as an election slogan ?,who,who used,WP,VBD,VBD,HUM
How long do you have to pay back debt after claiming chapter 11 bankruptcy ?,how,how long,WRB,RB,VB,NUM
What Shakespearean play featured Shylock ?,what,what shakespearean,WP,JJ,VBD,ENTY
Which magazine is `` fine entertainment for men '' ?,which,which magazine,WDT,NN,VBZ,ENTY
Why do roosters sing at five o 'clock in the morning ?,why,why do,WRB,VBP,VB,DESC
What features of the African elephant are larger than those of the Indian elephant ?,what,what features,WP,VBZ,VBP,DESC
What ocean surrounds the Maldive Islands ?,what,what ocean,WDT,NN,VBZ,LOC
What South American country won its first World Cup soccer title in 1978 ?,what,what south,WP,JJ,VBD,LOC
How many cullions does a male have ?,how,how many,WRB,JJ,VB,NUM
What painter popularized soup cans and Brillo soap pad boxes ?,what,what painter,WDT,NN,VBD,HUM
Who played Lucas McCain on The Rifleman ?,who,who played,WP,VBD,VBD,HUM
What colorful sea 's region does Greek legend say the Amazons lived near ?,what,what colorful,WP,JJ,VBZ,LOC
Who was the only person convicted in the My Lai Massacre ?,who,who was,WP,VBD,VBD,HUM
On what continent is Mozambique ?,what,what continent,WDT,NN,VBZ,LOC
What words in the English have two u 's back to back ?,what,what words,WDT,NNS,VBP,ENTY
What do Hasidic Jews refrain from while dating ?,what,what do,WP,VBP,VBP,ENTY
"What was the name given the 6 , 500 German airforce troops that used the Spanish Civil War as a training exercise ?",that,what was that used,WDT,VBD,VBD,HUM
What is the poetic meter of blank verse ?,what,what is,WP,VBZ,VBZ,DESC
Rotary engine cars were made by what company ?,what,what company,WP,NN,VBN,HUM
Who was the lawyer who represented Randy Steven Craft ?,who,who was who represented,WP,VBD,VBD,HUM
What is the history of the soft drink Mr. Pibb ?,what,what is,WP,VBZ,VBZ,DESC
"Which is a real berry : blackberry , cranberry , raspberry , strawberry ?",which,which is,WDT,VBZ,VBZ,ENTY
What materials did the three little pigs use to build their houses ?,what,what materials,WDT,NNS,VBD,ENTY
What part did Benjamin Franklin play in the development of the newspaper in America ?,what,what part,WDT,NN,VB,HUM
When was Microsoft established ?,when,when was,WRB,VBD,VBN,NUM
"When did President Kennedy , Lee Harvey Oswald , and Jack Ruby all die ?",when,when did,WRB,VBD,VBP,NUM
What is the U.S. location of Procter & Gamble corporate offices ?,what,what is,WP,VBZ,VBZ,LOC
What is platinum ?,what,what is,WP,VBZ,VBZ,DESC
What state is known as the Hawkeye State ?,what,what state,WDT,NN,VBN,LOC
Who is the prime minister of Australia ?,who,who is,WP,VBZ,VBZ,HUM
What are all the southern states of the U.S. ?,what,what are,WP,VBP,VBP,LOC
What does the River Seine empty into ?,what,what does,WP,VBZ,JJ,LOC
What did people use to freshen their breath before toothpaste ?,what,what did,WP,VBD,VB,ENTY
Which airplane was Fawaz Younis convicted of hijacking ?,which,which airplane,WDT,NN,VBD,ENTY
What state did Anita Bryant represent in the 1959 Miss America contest ?,what,what state,WDT,NN,VB,LOC
How many soldiers were involved in the last Panama invasion by the United States of America ?,how,how many,WRB,JJ,VBN,NUM
Describe the Long March .,,,,,VB,DESC
What major league baseball team compiled the best won-lost record between 1957 and 1983 ?,what,what major,WDT,JJ,VBD,HUM
How many propellers helped power the plane the Wright brothers flew into history ?,how,how many,WRB,JJ,VBD,NUM
"Who died with more than 1 , 000 U.S. patents to his credit ?",who,who died,WP,VBD,VBD,HUM
What was the name of Randy Steven Craft 's lawyer ?,what,what was,WP,VBD,VBD,HUM
Who won the first general election for President held in Malawi in May 1994 ?,who,who won,WP,VBD,VBD,HUM
Where is South Bend ?,where,where is,WRB,VBZ,VBZ,LOC
What country has the most coastline ?,what,what country,WDT,NN,VBZ,LOC
What two states is Washington D.C. between ?,what,what two,WP,CD,VBZ,LOC
In what year did Joe DiMaggio compile his 56-game hitting streak ?,what,what year,WDT,NN,VB,NUM
What year was the setting for American Graffiti ?,what,what year,WDT,NN,VBD,NUM
When did the art of quilting begin ?,when,when did,WRB,VBD,VB,NUM
Why are eggs supposed to be stored small end down ?,why,why are,WRB,VBP,VBN,DESC
What must be exceeded to produce a sonic boom ?,what,what must,WP,MD,VBN,ENTY
What is a fear of fish ?,what,what is,WP,VBZ,VBZ,ENTY
How much did the Iran-Contra investigation cost ?,how,how much,WRB,JJ,NN,NUM
What does the double-O indicate in 007 ?,what,what does,WP,VBZ,VBP,DESC
"What Argentine revolutionary fought with Castro and died in Bolivia in May , 1979 ?",what,what argentine,WP,NNP,VBN,HUM
What botanical marvel did Nebuchadnezzar build ?,what,what botanical,WP,JJ,VB,LOC
What 's known as The queen of Drinks ?,what,what 's,WP,VBZ,VBN,ENTY
What famous comic strip character died of acne ?,what,what famous,WDT,JJ,VBD,HUM
What is an aortic abdominal aneurysm ?,what,what is,WP,VBZ,VBZ,DESC
What are chloroplasts ?,what,what are,WP,VBP,VBP,DESC
How many John Deere tractors have been manufactured ?,how,how many,WRB,JJ,VBN,NUM
Who is Zebulon Pike ?,who,who is,WP,VBZ,VBZ,HUM
What did the forward-thinking Simon Brothers Bakery of Chicago insert into bagels to boost business ?,what,what did,WP,VBD,NN,ENTY
When did communist control end in Hungary ?,when,when did,WRB,VBD,NN,NUM
How do I legally make my own will and testament ?,how,how do,WRB,VBP,VB,DESC
How do you make the color purple ?,how,how do,WRB,VBP,VB,DESC
What beer 's name is translated as `` lion brew '' ?,what,what beer,WDT,NN,VBN,ENTY
What has been the most common Christian name of U.S. presidents ?,what,what has,WP,VBZ,VBN,HUM
How many cherubs are there on a Trivial Pursuit board ?,how,how many,WRB,JJ,VBP,NUM
How can I search for a word within my own webpage ?,how,how can,WRB,MD,VB,DESC
How many people live in Chile ?,how,how many,WRB,JJ,VBP,NUM
What sport do the Cleaveland Cavaliers play ?,what,what sport,WDT,NN,VB,ENTY
What European country 's monarchy was restored in 1975 ?,what,what european,WDT,JJ,VBN,LOC
"Why are sometimes your hands cold , but the rest of you isn 't ?",why,why are,WRB,VBP,VBP,DESC
What English explorer discovered and named Virginia ?,what,what english,WDT,JJ,VBD,HUM
What war added jeep and quisling to the English language ?,what,what war,WDT,NN,VBD,ENTY
What country is home to Heineken beer ?,what,what country,WDT,NN,VBZ,LOC
What people make up half the Soviet Union 's population ?,what,what people,WP,NNS,VBP,HUM
What money was used here ?,what,what money,WDT,NN,VBN,ENTY
When did Charles Lindbergh die ?,when,when did,WRB,VBD,VB,NUM
How many athletes did Puerto Rico enter in the 1984 Winter Olympics ?,how,how many,WRB,JJ,VB,NUM
What is the highest continent ?,what,what is,WP,VBZ,VBZ,LOC
Who used to make cars with rotary engines ?,who,who used,WP,VBD,VBD,HUM
What are my legal rights in an automobile repossession in California ?,what,what are,WP,VBP,VBP,DESC
"What is the meaning of caliente , in English , ?",what,what is,WP,VBZ,VBZ,DESC
Where can I find information on becoming a journalist ?,where,where can,WRB,MD,VB,LOC
What did Jack exchange with the butcher for a handful of beans ?,what,what did,WP,VBD,VB,ENTY
In what city does Maurizio Pellegrin now live ?,what,what city,WDT,NN,VBP,LOC
Who was Buffalo Bill ?,who,who was,WP,VBD,VBD,HUM
What 's the shape of a camel 's spine ?,what,what 's,WP,VBZ,VBZ,ENTY
What type of currency is used in China ?,what,what type,WDT,NN,VBN,ENTY
What is the temperature today ?,what,what is,WP,VBZ,VBZ,NUM
What is the temperature for cooking ?,what,what is,WP,VBZ,VBZ,NUM
What currency is used in Australia ?,what,what currency,WDT,NN,VBN,ENTY
